skeleton-id,node-id-src,node-id-dst,branch-distance,branch-type,mean-pixel-value,stdev-pixel-value,image-coord-src-0,image-coord-src-1,image-coord-dst-0,image-coord-dst-1,coord-src-0,coord-src-1,coord-dst-0,coord-dst-1,euclidean-distance,root_type,plant,angle,root_id
0,0,42,50.28427124746189,1,1.0,0.0,525,3143,550,3180,525,3143,550,3180,44.654227123532216,Lateral,5,34.04593735660167,Lateral_38
0,42,128,41.798989873223334,2,1.0,0.0,550,3180,564,3216,550,3180,564,3216,38.62641583165593,Lateral,5,21.25050550713324,Lateral_39
0,42,50,6.242640687119286,1,1.0,0.0,550,3180,553,3175,550,3180,553,3175,5.830951894845301,Lateral,5,149.03624346792648,Lateral_40
0,128,1937,242.97770542341408,1,1.0,0.0,564,3216,690,3396,564,3216,690,3396,219.71800108320664,Lateral,5,34.99202019855866,Lateral_41
0,128,5165,299.8183258569804,2,1.0,0.0,564,3216,789,3374,564,3216,789,3374,274.93453766305896,Lateral,5,54.92261666508882,Lateral_42
1,193,4168,284.4041122946072,1,1.0,0.0,577,1407,762,1225,577,1407,762,1225,259.5168587972658,None,None,134.5316525608875,
2,204,310,30.798989873223338,0,1.0,0.0,579,910,593,885,579,910,593,885,28.653097563788805,Lateral,1,150.75117366345305,Lateral_43
1,290,510,22.071067811865476,1,1.0,0.0,590,1475,610,1476,590,1475,610,1476,20.024984394500787,Primary,2,87.13759477388825,Lateral_44
3,339,619,26.72792206135786,0,1.0,0.0,596,1610,619,1601,596,1610,619,1601,24.698178070456937,Lateral,2,111.37062226934319,Lateral_45
1,510,4735,237.78174593052023,2,1.0,0.0,610,1476,778,1412,610,1476,778,1412,179.77764043395385,Lateral,2,110.85445803957835,Lateral_0
1,510,2323,101.0416305603426,2,1.0,0.0,610,1476,704,1491,610,1476,704,1491,95.1892851112981,Primary,2,80.93349726018383,Lateral_47
1,517,999,35.485281374238575,1,1.0,0.0,611,919,644,925,611,919,644,925,33.54101966249684,Primary,1,79.69515353123397,Primary
0,582,2445,100.28427124746187,1,1.0,0.0,616,2575,708,2593,616,2575,708,2593,93.74433316206373,Primary,4,78.92979742206063,Primary
0,585,992,31.313708498984763,1,1.0,0.0,616,3111,643,3110,616,3111,643,3110,27.018512172212592,Lateral,5,92.12109639666146,Lateral_48
0,596,3160,302.50966799187836,2,1.0,0.0,617,3084,733,3002,617,3084,733,3002,142.0563268566381,Lateral,5,125.25635871296285,Lateral_49
0,596,1933,75.65685424949238,2,1.0,0.0,617,3084,690,3079,617,3084,690,3079,73.17103251970687,Primary,5,93.91824886406738,Primary
0,596,992,42.04163056034261,2,1.0,0.0,617,3084,643,3110,617,3084,643,3110,36.76955262170047,Lateral,5,45.0,Lateral_50
4,667,1336,41.798989873223334,0,1.0,0.0,623,2084,659,2096,623,2084,659,2096,37.94733192202055,Lateral,3,71.56505117707799,Lateral_51
5,676,822,14.727922061357859,0,1.0,0.0,624,1064,634,1072,624,1064,634,1072,12.806248474865697,Lateral,1,51.34019174590991,Lateral_52
6,681,1337,36.656854249492376,0,1.0,0.0,624,2511,659,2509,624,2511,659,2509,35.05709628591621,Lateral,4,93.27048792318357,Lateral_53
1,764,1135,22.656854249492383,1,1.0,0.0,630,2015,651,2013,630,2015,651,2013,21.095023109728988,Primary,3,95.44033203100551,Primary
1,836,999,27.72792206135786,1,1.0,0.0,635,901,644,925,635,901,644,925,25.632011235952593,None,None,20.556045219583467,
0,992,2079,74.32590180780446,2,1.0,0.0,643,3110,696,3153,643,3110,696,3153,68.24954212300622,Lateral,5,50.9468630539735,Lateral_55
1,999,2012,54.970562748477136,2,1.0,0.0,644,925,694,937,644,925,694,937,51.419840528729765,Primary,1,76.50426671920418,Primary
7,1015,1304,40.38477631085023,0,1.0,0.0,645,1091,658,1126,645,1091,658,1126,37.33630940518894,Lateral,1,20.37643521383639,Lateral_56
1,1122,1273,7.242640687119285,1,1.0,0.0,651,847,657,844,651,847,657,844,6.708203932499369,Lateral,1,116.56505117707799,Lateral_57
1,1135,4041,173.72287142747456,2,1.0,0.0,651,2013,759,1907,651,2013,759,1907,151.32745950421557,Lateral,3,134.46454101443547,Lateral_0
1,1135,2972,78.65685424949238,2,1.0,0.0,651,2013,728,2013,651,2013,728,2013,77.0,Primary,3,90.0,Primary
1,1146,3056,122.36753236814704,1,1.0,0.0,652,866,731,937,652,866,731,937,106.21675950620975,None,None,48.05288251479243,
1,1170,1219,2.414213562373095,1,1.0,0.0,653,833,655,832,653,833,655,832,2.23606797749979,Lateral,1,116.56505117707799,Lateral_59
1,1219,1405,19.313708498984763,1,1.0,0.0,655,832,663,816,655,832,663,816,17.88854381999832,Lateral,1,153.434948822922,Lateral_60
1,1219,1294,11.242640687119287,2,1.0,0.0,655,832,658,842,655,832,658,842,10.44030650891055,Lateral,1,16.69924423399362,Lateral_61
1,1249,1327,7.242640687119285,1,1.0,0.0,656,859,659,853,656,859,659,853,6.708203932499369,Lateral,1,153.434948822922,Lateral_62
1,1273,1294,2.414213562373095,2,1.0,0.0,657,844,658,842,657,844,658,842,2.23606797749979,Lateral,1,153.434948822922,Lateral_63
1,1273,1322,4.82842712474619,2,1.0,0.0,657,844,659,848,657,844,659,848,4.47213595499958,Lateral,1,26.56505117707799,Lateral_64
1,1294,1518,12.828427124746192,2,1.0,0.0,658,842,670,840,658,842,670,840,12.165525060596439,Lateral,1,99.46232220802563,Lateral_65
1,1322,1323,1.0,2,1.0,0.0,659,848,659,849,659,848,659,849,1.0,Lateral,1,0.0,Lateral_66
1,1322,1323,7.82842712474619,2,1.0,0.0,659,848,659,849,659,848,659,849,1.0,Lateral,1,0.0,Lateral_67
1,1323,1327,4.0,2,1.0,0.0,659,849,659,853,659,849,659,853,4.0,Lateral,1,0.0,Lateral_68
1,1327,1543,13.242640687119287,2,1.0,0.0,659,853,671,850,659,853,671,850,12.36931687685298,Lateral,1,104.03624346792648,Lateral_69
1,1518,1543,10.414213562373096,2,1.0,0.0,670,840,671,850,670,840,671,850,10.04987562112089,Lateral,1,5.710593137499642,Lateral_70
1,1518,4409,153.5807358037436,2,1.0,0.0,670,840,770,746,670,840,770,746,137.2443077143821,Lateral,1,133.2285302599659,Lateral_71
1,1543,2338,35.24264068711929,2,1.0,0.0,671,850,705,853,671,850,705,853,34.132096331752024,Lateral,1,84.95754893082909,Lateral_72
8,1550,1946,59.28427124746188,0,1.0,0.0,671,1742,691,1793,671,1742,691,1793,54.78138369920935,Lateral,2,21.412969474871762,Lateral_73
0,1894,3185,70.74011537017758,1,1.0,0.0,689,2691,734,2739,689,2691,734,2739,65.79513659838392,Lateral,4,43.15238973400541,Lateral_74
0,1933,2577,72.94112549695423,1,1.0,0.0,690,3079,713,3017,690,3079,713,3017,66.12866246946176,Lateral,5,159.6467708519312,Lateral_0
0,1933,2745,34.97056274847714,2,1.0,0.0,690,3079,719,3092,690,3079,719,3092,31.78049716414141,Primary,5,65.85445803957835,Primary
1,1942,2012,14.242640687119286,1,1.0,0.0,691,950,694,937,691,950,694,937,13.341664064126334,None,None,167.0053832080835,
1,1967,4168,109.53910524340085,1,1.0,0.0,692,1155,762,1225,692,1155,762,1225,98.99494936611666,Lateral,1,45.0,Lateral_76
1,2012,3056,38.656854249492376,2,1.0,0.0,694,937,731,937,694,937,731,937,37.0,Primary,1,90.0,Primary
0,2079,2082,3.0,2,1.0,0.0,696,3153,696,3156,696,3153,696,3156,3.0,Lateral,5,0.0,Lateral_77
0,2079,4307,84.91168824543138,2,1.0,0.0,696,3153,766,3187,696,3153,766,3187,77.82030583337487,Lateral,5,64.09349200048563,Lateral_78
0,2082,5165,259.00714267493686,2,1.0,0.0,696,3156,789,3374,696,3156,789,3374,237.00843866833097,Lateral,5,23.10336215893069,Lateral_79
0,2082,2128,2.8284271247461903,2,1.0,0.0,696,3156,698,3158,696,3156,698,3158,2.8284271247461903,Lateral,5,45.0,Lateral_80
0,2128,2128,6.242640687119285,3,1.0,0.0,698,3158,698,3158,698,3158,698,3158,0.0,Lateral,5,0.0,Lateral_81
0,2151,2745,28.313708498984763,1,1.0,0.0,699,3105,719,3092,699,3105,719,3092,23.853720883753127,Lateral,5,123.02386755579664,Lateral_0
1,2199,6960,243.09040379562222,1,1.0,0.0,701,986,847,1161,701,986,847,1161,227.9056822459677,Lateral,1,39.83775972905466,Lateral_82
0,2255,2390,4.414213562373095,1,1.0,0.0,702,2648,706,2647,702,2648,706,2647,4.123105625617661,Lateral,4,104.03624346792648,Lateral_83
1,2323,4735,128.1959594928932,2,1.0,0.0,704,1491,778,1412,704,1491,778,1412,108.2450922675019,None,None,136.87174496528877,
1,2323,3107,29.242640687119287,2,1.0,0.0,704,1491,732,1494,704,1491,732,1494,28.160255680657446,Primary,2,83.8844964337146,Lateral_85
1,2338,2887,35.87005768508881,1,1.0,0.0,705,853,725,826,705,853,725,826,33.60059523282288,Lateral,1,143.47114463301483,Lateral_86
1,2338,4411,93.63961030678921,2,1.0,0.0,705,853,770,908,705,853,770,908,85.14693182963201,Lateral,1,49.76364169072618,Lateral_87
0,2387,2390,3.0,1,1.0,0.0,706,2644,706,2647,706,2644,706,2647,3.0,Lateral,4,0.0,Lateral_88
0,2390,2625,11.485281374238571,2,1.0,0.0,706,2647,715,2653,706,2647,715,2653,10.816653826391969,Lateral,4,56.309932474020215,Lateral_89
0,2421,2445,3.414213562373095,1,1.0,0.0,707,2596,708,2593,707,2596,708,2593,3.1622776601683795,Lateral,4,161.565051177078,Lateral_90
0,2445,5954,110.48528137423855,2,1.0,0.0,708,2593,816,2599,708,2593,816,2599,108.16653826391968,Primary,4,86.82016988013577,Primary
0,2625,6099,156.58073580374347,2,1.0,0.0,715,2653,820,2743,715,2653,820,2743,138.2931668593933,Lateral,4,49.398705354995535,Lateral_91
0,2625,2980,14.242640687119287,1,1.0,0.0,715,2653,728,2654,715,2653,728,2654,13.038404810405298,Lateral,4,85.60129464500447,Lateral_92
0,2745,3860,42.79898987322333,2,1.0,0.0,719,3092,754,3108,719,3092,754,3108,38.48376280978771,Primary,5,65.4328286793987,Primary
1,2972,6749,234.52186130069836,1,1.0,0.0,728,2013,840,2188,728,2013,840,2188,207.77150911518163,Lateral,3,32.61924307119283,Lateral_1
1,2972,3931,29.242640687119287,2,1.0,0.0,728,2013,756,2014,728,2013,756,2014,28.0178514522438,Primary,3,87.95459151111278,Primary
1,3056,3832,24.656854249492383,2,1.0,0.0,731,937,754,941,731,937,754,941,23.345235059857504,Primary,1,80.13419305691563,Primary
1,3107,16648,578.683332908187,2,1.0,0.0,732,1494,1115,1819,732,1494,1115,1819,502.3086700426342,Lateral,2,49.68326421783323,Lateral_2
1,3107,5503,70.65685424949238,2,1.0,0.0,732,1494,801,1494,732,1494,801,1494,69.0,Primary,2,90.0,Lateral_94
0,3160,10397,258.62236636408664,2,1.0,0.0,733,3002,948,2908,733,3002,948,2908,234.65080438813757,Lateral,5,113.61539633036989,Lateral_0
0,3160,5428,92.19595949289324,2,1.0,0.0,733,3002,798,3062,733,3002,798,3062,88.45903006477066,Lateral,5,47.290610042638534,Lateral_95
0,3185,4187,104.25483399593898,1,1.0,0.0,734,2739,762,2830,734,2739,762,2830,95.2102935611481,Lateral,4,17.102728969052375,Lateral_96
0,3185,10393,289.9604614807113,2,1.0,0.0,734,2739,948,2904,734,2739,948,2904,270.22398117117586,Lateral,4,52.3667692581699,Lateral_97
0,3325,6099,161.13708498984766,1,1.0,0.0,739,2616,820,2743,739,2616,820,2743,150.63200191194434,Lateral,4,32.52953827833111,Lateral_0
1,3832,4556,22.485281374238575,2,1.0,0.0,754,941,773,934,754,941,773,934,20.248456731316587,Primary,1,110.22485943116808,Primary
1,3832,10104,311.3746750430845,2,1.0,0.0,754,941,941,1151,754,941,941,1151,281.19210515233175,None,None,41.684303451621055,
0,3860,4307,87.28427124746187,2,1.0,0.0,754,3108,766,3187,754,3108,766,3187,79.90619500389191,Lateral,5,8.637131415070755,Lateral_2
0,3860,4682,24.899494936611667,2,1.0,0.0,754,3108,776,3115,754,3108,776,3115,23.08679276123039,Primary,5,72.34987578006988,Primary
1,3931,4532,41.38477631085023,2,1.0,0.0,756,2014,772,1981,756,2014,772,1981,36.6742416417845,Lateral,3,154.13364320590549,Lateral_99
1,3931,6045,64.65685424949238,2,1.0,0.0,756,2014,819,2016,756,2014,819,2016,63.0317380372777,Primary,3,88.18169703554817,Primary
1,4041,4089,13.242640687119287,1,1.0,0.0,759,1907,760,1919,759,1907,760,1919,12.041594578792296,Lateral,3,4.763641690726178,Lateral_100
1,4041,7058,112.52691193458114,2,1.0,0.0,759,1907,850,1934,759,1907,850,1934,94.92101980067429,Lateral,3,73.47420361007437,Lateral_0
1,4168,4519,10.0,2,1.0,0.0,762,1225,772,1225,762,1225,772,1225,10.0,None,None,90.0,
0,4307,4490,8.071067811865476,2,1.0,0.0,766,3187,771,3193,766,3187,771,3193,7.810249675906654,Lateral,5,39.80557109226519,Lateral_2
1,4347,4532,27.656854249492383,1,1.0,0.0,768,1955,772,1981,768,1955,772,1981,26.30589287593181,Lateral,3,8.74616226255521,Lateral_101
1,4409,4625,24.07106781186548,1,1.0,0.0,770,746,775,724,770,746,775,724,22.561028345356956,Lateral,1,167.19573393471325,Lateral_102
1,4409,6408,71.52691193458114,1,1.0,0.0,770,746,831,722,770,746,831,722,65.55150646628954,Lateral,1,111.4767909795404,Lateral_103
1,4411,8890,164.85281374238573,2,1.0,0.0,770,908,907,877,770,908,907,877,140.46351839534705,Lateral,1,102.75002583581637,Lateral_5
1,4411,4553,24.242640687119287,2,1.0,0.0,770,908,773,931,770,908,773,931,23.194827009486403,Lateral,1,7.431407971172507,Lateral_104
0,4490,11006,296.1198410471452,1,1.0,0.0,771,3193,963,3368,771,3193,963,3368,259.7864507629295,Lateral,5,47.65213213903726,Lateral_2
0,4490,7044,94.91168824543135,1,1.0,0.0,771,3193,849,3231,771,3193,849,3231,86.76404785393545,Lateral,5,64.02560603756868,Lateral_105
1,4519,6960,107.02438661763942,2,1.0,0.0,772,1225,847,1161,772,1225,847,1161,98.59513172565875,None,None,130.47523152716582,
1,4519,7982,132.12489168102778,1,1.0,0.0,772,1225,882,1277,772,1225,882,1277,121.67168939404104,Lateral,2,64.69862137458028,Lateral_1
1,4532,4771,7.0,2,1.0,0.0,772,1981,779,1981,772,1981,779,1981,7.0,Lateral,3,90.0,Lateral_2
1,4553,4555,2.0,2,1.0,0.0,773,931,773,933,773,931,773,933,2.0,Lateral,1,0.0,Lateral_106
1,4553,4629,2.414213562373095,1,1.0,0.0,773,931,775,932,773,931,775,932,2.23606797749979,Lateral,1,63.43494882292201,Lateral_107
1,4555,4556,1.0,2,1.0,0.0,773,933,773,934,773,933,773,934,1.0,None,None,0.0,
1,4555,4597,1.0,1,1.0,0.0,773,933,774,933,773,933,774,933,1.0,Lateral,1,90.0,Lateral_5
1,4556,4659,3.0,2,1.0,0.0,773,934,776,934,773,934,776,934,3.0,Primary,1,90.0,Primary
1,4658,4659,1.0,1,1.0,0.0,776,933,776,934,776,933,776,934,1.0,None,None,0.0,
1,4659,6168,49.071067811865476,2,1.0,0.0,776,934,823,937,776,934,823,937,47.095647357266465,Primary,1,86.34777721969367,Primary
0,4682,5428,62.112698372208065,2,1.0,0.0,776,3115,798,3062,776,3115,798,3062,57.38466694161429,Lateral,5,157.4569389999421,Lateral_3
0,4682,7465,103.08326112068518,2,1.0,0.0,776,3115,865,3149,776,3115,865,3149,95.2732911156112,Primary,5,69.09201952899035,Primary
1,4735,5011,8.414213562373096,2,1.0,0.0,778,1412,786,1413,778,1412,786,1413,8.06225774829855,Lateral,2,82.8749836510982,Lateral_110
1,4771,4842,6.82842712474619,1,1.0,0.0,779,1981,781,1987,779,1981,781,1987,6.324555320336759,Lateral,3,18.43494882292201,Lateral_111
1,4771,7058,92.81118318204302,2,1.0,0.0,779,1981,850,1934,779,1981,850,1934,85.14693182963201,Lateral,3,123.50343698241423,Lateral_2
1,5011,7107,78.59797974644663,2,1.0,0.0,786,1413,852,1384,786,1413,852,1384,72.09022125087424,Lateral,2,113.7203955723046,Lateral_112
1,5011,6325,61.526911934581165,2,1.0,0.0,786,1413,828,1446,786,1413,828,1446,53.41348144429457,Lateral,2,51.84277341263094,Lateral_113
0,5165,5785,32.28427124746191,1,1.0,0.0,789,3374,810,3397,789,3374,810,3397,31.144823004794873,Lateral,5,42.397437797500196,Lateral_114
0,5428,6279,29.242640687119287,2,1.0,0.0,798,3062,826,3059,798,3062,826,3059,28.160255680657446,Lateral,5,96.11550356628541,Lateral_3
1,5503,6327,58.355339059327335,2,1.0,0.0,801,1494,828,1448,801,1494,828,1448,53.33854141237835,Lateral,2,149.58891873287465,Lateral_3
1,5503,6742,39.41421356237309,2,1.0,0.0,801,1494,840,1493,801,1494,840,1493,39.01281840626232,Primary,2,91.46880071438582,Lateral_116
0,5954,8684,243.27922061357896,2,1.0,0.0,816,2599,900,2805,816,2599,900,2805,222.46797522340154,Lateral,4,22.184013345269975,Lateral_1
0,5954,8211,79.7989898732233,2,1.0,0.0,816,2599,889,2614,816,2599,889,2614,74.52516353554684,Primary,4,78.3885135761115,Primary
1,6045,6086,3.414213562373095,1,1.0,0.0,819,2016,820,2013,819,2016,820,2013,3.1622776601683795,Lateral,3,161.565051177078,Lateral_117
1,6045,6363,11.242640687119286,2,1.0,0.0,819,2016,829,2019,819,2016,829,2019,10.44030650891055,Primary,3,73.30075576600639,Primary
0,6099,6495,19.142135623730955,2,1.0,0.0,820,2743,833,2755,820,2743,833,2755,17.69180601295413,Lateral,4,47.290610042638534,Lateral_118
1,6168,6795,20.82842712474619,2,1.0,0.0,823,937,842,936,823,937,842,936,19.026297590440446,Primary,1,93.01278750418334,Primary
1,6168,7192,58.94112549695426,2,1.0,0.0,823,937,855,978,823,937,855,978,52.009614495783374,Lateral,1,37.971603761050396,Lateral_6
0,6279,14764,287.10764773832534,2,1.0,0.0,826,3059,1066,3108,826,3059,1066,3108,244.95101551126504,Lateral,5,78.46070213987481,Lateral_3
0,6279,9621,134.953318805774,2,1.0,0.0,826,3059,927,3124,826,3059,927,3124,120.10828447696687,Lateral,5,57.23611150941634,Lateral_119
1,6325,6327,2.0,2,1.0,0.0,828,1446,828,1448,828,1446,828,1448,2.0,Lateral,2,0.0,Lateral_120
1,6325,12114,195.99494936611674,2,1.0,0.0,828,1446,993,1374,828,1446,993,1374,180.02499826412998,Lateral,2,113.57470620191262,Lateral_121
1,6327,6742,50.55634918610404,2,1.0,0.0,828,1448,840,1493,828,1448,840,1493,46.57252408878007,None,None,14.931417178137554,
1,6363,8573,70.82842712474618,2,1.0,0.0,829,2019,898,2016,829,2019,898,2016,69.06518659932803,Primary,3,92.48955292199916,Primary
1,6363,6879,30.213203435596434,1,1.0,0.0,829,2019,844,2043,829,2019,844,2043,28.30194339616981,Lateral,3,32.005383208083494,Lateral_4
0,6495,7640,69.11269837220807,2,1.0,0.0,833,2755,871,2793,833,2755,871,2793,53.74011537017761,Lateral,4,45.0,Lateral_0
0,6495,7640,59.012193308819725,2,1.0,0.0,833,2755,871,2793,833,2755,871,2793,53.74011537017761,Lateral,5,45.0,Lateral_123
1,6742,7566,30.242640687119287,2,1.0,0.0,840,1493,869,1496,840,1493,869,1496,29.154759474226502,Primary,2,84.0938588862295,Lateral_124
1,6795,7192,47.384776310850235,2,1.0,0.0,842,936,855,978,842,936,855,978,43.965895873961216,None,None,17.198541220065866,
1,6795,7870,38.65685424949238,2,1.0,0.0,842,936,879,932,842,936,879,932,37.21558813185679,Primary,1,96.1701750950296,Primary
1,6960,11115,158.45079348883235,2,1.0,0.0,847,1161,967,1251,847,1161,967,1251,150.0,None,None,53.13010235415598,
1,7058,7425,14.414213562373096,2,1.0,0.0,850,1934,864,1935,850,1934,864,1935,14.035668847618199,Lateral,3,85.91438322002513,Lateral_2
1,7079,7107,4.414213562373095,1,1.0,0.0,851,1388,852,1384,851,1388,852,1384,4.123105625617661,Lateral,2,165.96375653207352,Lateral_126
1,7107,12114,153.7695526217005,2,1.0,0.0,852,1384,993,1374,852,1384,993,1374,141.35416513141735,Lateral,2,94.05673786129488,Lateral_127
9,7115,8782,116.56854249492373,0,1.0,0.0,852,2225,903,2312,852,2225,903,2312,100.84641788382967,Lateral,3,30.379126011368342,Lateral_1
1,7192,8395,74.15432893255065,2,1.0,0.0,855,978,894,1036,855,978,894,1036,69.8927750200262,Lateral,1,33.91743053697035,Lateral_7
1,7425,12084,153.6101730552664,2,1.0,0.0,864,1935,992,1954,864,1935,992,1954,129.40247292845683,Lateral,3,81.55680907082336,Lateral_2
1,7425,9504,101.36753236814704,2,1.0,0.0,864,1935,924,2008,864,1935,924,2008,94.49338601193207,Lateral,3,39.41739424346893,Lateral_128
0,7465,8975,47.071067811865476,2,1.0,0.0,865,3149,909,3149,865,3149,909,3149,44.0,Primary,5,90.0,Primary
0,7465,13881,330.51681066681545,1,1.0,0.0,865,3149,1041,3399,865,3149,1041,3399,305.73845031333565,Lateral,5,35.14554549970606,Lateral_4
1,7566,9120,48.071067811865476,2,1.0,0.0,869,1496,914,1494,869,1496,914,1494,45.044422518220834,Primary,2,92.5448043798131,Lateral_129
1,7566,12362,207.62236636408642,2,1.0,0.0,869,1496,1000,1623,869,1496,1000,1623,182.45547402037573,Lateral,2,45.888235495239776,Lateral_5
0,7640,8176,23.72792206135786,2,1.0,0.0,871,2793,888,2805,871,2793,888,2805,20.808652046684813,Lateral,5,54.78240703180729,Lateral_131
1,7849,9988,84.8822509939085,1,1.0,0.0,878,2068,938,2121,878,2068,938,2121,80.05623023850174,Lateral,3,48.54476645559488,Lateral_4
1,7870,8890,67.18376618407352,2,1.0,0.0,879,932,907,877,879,932,907,877,61.71709649683789,Lateral,1,153.01976928177714,Lateral_8
1,7870,10551,76.72792206135784,2,1.0,0.0,879,932,952,923,879,932,952,923,73.55270219373317,Primary,1,97.0283962389496,Primary
0,8176,10391,90.91168824543136,2,1.0,0.0,888,2805,948,2857,888,2805,948,2857,79.39773296511683,Lateral,4,49.08561677997488,Lateral_0
0,8176,8684,12.0,2,1.0,0.0,888,2805,900,2805,888,2805,900,2805,12.0,Lateral,5,90.0,Lateral_132
0,8211,10164,150.953318805774,1,1.0,0.0,889,2614,942,2743,889,2614,942,2743,139.46325680981354,Lateral,4,22.3354425653039,Lateral_2
0,8211,11659,98.7989898732233,2,1.0,0.0,889,2614,982,2628,889,2614,982,2628,94.04786015641186,Primary,4,81.4391104288354,Primary
1,8395,8396,1.0,2,1.0,0.0,894,1036,894,1037,894,1036,894,1037,1.0,Lateral,1,0.0,Lateral_133
1,8395,14353,216.4213562373099,2,1.0,0.0,894,1036,1055,1150,894,1036,1055,1150,197.27392123643713,Lateral,1,54.69866173771009,Lateral_7
1,8396,10104,135.12489168102775,2,1.0,0.0,894,1037,941,1151,894,1037,941,1151,123.30855606972291,Lateral,1,22.40540888336535,Lateral_134
1,8396,8475,3.8284271247461903,2,1.0,0.0,894,1037,896,1040,894,1037,896,1040,3.605551275463989,Lateral,1,33.690067525979785,Lateral_7
1,8475,8475,6.242640687119285,3,1.0,0.0,896,1040,896,1040,896,1040,896,1040,0.0,Lateral,1,0.0,Lateral_135
1,8573,9985,120.22539674441609,2,1.0,0.0,898,2016,938,2118,898,2016,938,2118,109.5627673984187,Lateral,3,21.412969474871762,Lateral_5
1,8573,9504,30.485281374238575,2,1.0,0.0,898,2016,924,2008,898,2016,924,2008,27.202941017470888,Primary,3,107.10272896905236,Primary
0,8684,9065,13.65685424949238,2,1.0,0.0,900,2805,912,2809,900,2805,912,2809,12.649110640673518,Lateral,5,71.56505117707799,Lateral_136
1,8890,15627,206.681240867132,2,1.0,0.0,907,877,1088,851,907,877,1088,851,182.8578683021324,Lateral,1,98.17441462646028,Lateral_8
0,8975,9621,34.213203435596434,2,1.0,0.0,909,3149,927,3124,909,3149,927,3124,30.805843601498726,Lateral,5,144.24611274556327,Lateral_137
0,8975,10494,44.31370849898475,2,1.0,0.0,909,3149,950,3147,909,3149,950,3147,41.048751503547585,Primary,5,92.79270236571328,Primary
0,9065,9253,6.82842712474619,2,1.0,0.0,912,2809,917,2806,912,2809,917,2806,5.830951894845301,Lateral,5,120.96375653207352,Lateral_138
0,9065,10090,35.55634918610405,2,1.0,0.0,912,2809,940,2823,912,2809,940,2823,31.304951684997057,Lateral,5,63.43494882292201,Lateral_139
1,9120,11839,73.82842712474618,2,1.0,0.0,914,1494,986,1491,914,1494,986,1491,72.06247289678588,Primary,2,92.38594403038883,Lateral_140
1,9120,12362,166.37972567696693,2,1.0,0.0,914,1494,1000,1623,914,1494,1000,1623,155.03870484495155,Lateral,2,33.690067525979785,Lateral_6
0,9211,9248,1.4142135623730951,1,1.0,0.0,916,2800,917,2801,916,2800,917,2801,1.4142135623730951,Lateral,5,45.0,Lateral_142
0,9248,9252,4.0,2,1.0,0.0,917,2801,917,2805,917,2801,917,2805,4.0,Lateral,5,0.0,Lateral_143
0,9248,10124,32.97056274847715,2,1.0,0.0,917,2801,941,2817,917,2801,941,2817,28.844410203711913,Lateral,5,56.309932474020215,Lateral_144
0,9252,9253,1.0,2,1.0,0.0,917,2805,917,2806,917,2805,917,2806,1.0,Lateral,5,0.0,Lateral_145
0,9252,9253,5.242640687119285,2,1.0,0.0,917,2805,917,2806,917,2805,917,2806,1.0,Lateral,5,0.0,Lateral_146
1,9504,10300,22.82842712474619,2,1.0,0.0,924,2008,946,2010,924,2008,946,2010,22.090722034374522,Primary,3,84.8055710922652,Primary
0,9621,10494,34.28427124746191,2,1.0,0.0,927,3124,950,3147,927,3124,950,3147,32.526911934581186,Lateral,5,45.0,Lateral_5
1,9903,9903,6.242640687119285,3,1.0,0.0,936,2116,936,2116,936,2116,936,2116,0.0,Lateral,3,0.0,Lateral_5
1,9903,9985,2.8284271247461903,2,1.0,0.0,936,2116,938,2118,936,2116,938,2118,2.8284271247461903,Lateral,3,45.0,Lateral_148
1,9985,9988,3.0,2,1.0,0.0,938,2118,938,2121,938,2118,938,2121,3.0,Lateral,3,0.0,Lateral_5
1,9988,10115,3.82842712474619,2,1.0,0.0,938,2121,941,2123,938,2121,941,2123,3.605551275463989,Lateral,3,56.309932474020215,Lateral_149
0,10090,10124,6.414213562373095,2,1.0,0.0,940,2823,941,2817,940,2823,941,2817,6.082762530298219,Lateral,5,170.53767779197437,Lateral_150
0,10090,10483,25.142135623730955,2,1.0,0.0,940,2823,950,2844,940,2823,950,2844,23.259406699226016,Lateral,4,25.463345061871614,Lateral_1
1,10104,10183,2.0,2,1.0,0.0,941,1151,943,1151,941,1151,943,1151,2.0,Lateral,1,90.0,Lateral_151
1,10115,10116,1.0,2,1.0,0.0,941,2123,941,2124,941,2123,941,2124,1.0,Lateral,3,0.0,Lateral_5
1,10115,11657,66.11269837220806,2,1.0,0.0,941,2123,982,2159,941,2123,982,2159,54.56189146281496,Lateral,3,48.71528910542877,Lateral_4
1,10116,11657,61.01219330881973,2,1.0,0.0,941,2124,982,2159,941,2124,982,2159,53.907327887774215,Lateral,3,49.513988458001265,Lateral_152
1,10116,10267,4.82842712474619,2,1.0,0.0,941,2124,945,2126,941,2124,945,2126,4.47213595499958,Lateral,3,63.43494882292201,Lateral_153
0,10124,11296,41.04163056034261,2,1.0,0.0,941,2817,972,2837,941,2817,972,2837,36.89173349139343,Lateral,4,57.171458208587474,Lateral_0
1,10183,13394,102.98275605729683,2,1.0,0.0,943,1151,1028,1189,943,1151,1028,1189,93.1074647920348,Lateral,1,65.9125476913677,Lateral_154
1,10183,11785,93.98275605729683,2,1.0,0.0,943,1151,985,1227,943,1151,985,1227,86.83317338436964,Lateral,1,28.926425835253614,Lateral_155
1,10267,10267,6.242640687119285,3,1.0,0.0,945,2126,945,2126,945,2126,945,2126,0.0,Lateral,3,0.0,Lateral_156
1,10300,16253,266.98989873223405,1,1.0,0.0,946,2010,1104,2199,946,2010,1104,2199,246.34325645326686,Lateral,3,39.894909553407714,Lateral_7
1,10300,11611,38.31370849898475,2,1.0,0.0,946,2010,981,2002,946,2010,981,2002,35.90264614203248,Primary,3,102.87500155961249,Primary
0,10391,10806,24.142135623730955,2,1.0,0.0,948,2857,958,2877,948,2857,958,2877,22.360679774997898,Lateral,4,26.56505117707799,Lateral_1
0,10391,10442,4.414213562373095,2,1.0,0.0,948,2857,949,2853,948,2857,949,2853,4.123105625617661,Lateral,5,165.96375653207352,Lateral_157
0,10393,10396,3.0,2,1.0,0.0,948,2904,948,2907,948,2904,948,2907,3.0,Lateral,5,0.0,Lateral_158
0,10393,10806,32.89949493661167,2,1.0,0.0,948,2904,958,2877,948,2904,958,2877,28.792360097775937,Lateral,5,159.67686317033704,Lateral_159
0,10396,10397,1.0,2,1.0,0.0,948,2907,948,2908,948,2907,948,2908,1.0,Lateral,5,0.0,Lateral_160
0,10396,12098,49.38477631085023,2,1.0,0.0,948,2907,992,2920,948,2907,992,2920,45.880278987817846,Lateral,5,73.53998518795997,Lateral_0
0,10397,11267,69.11269837220804,1,1.0,0.0,948,2908,971,2967,948,2908,971,2967,63.324560795950255,Lateral,4,21.29735404903376,Lateral_1
0,10442,10483,10.242640687119286,2,1.0,0.0,949,2853,950,2844,949,2853,950,2844,9.055385138137417,Lateral,5,173.6598082540901,Lateral_161
0,10442,10920,14.071067811865477,2,1.0,0.0,949,2853,961,2848,949,2853,961,2848,13.0,Lateral,5,112.61986494804043,Lateral_162
0,10483,10878,10.0,2,1.0,0.0,950,2844,960,2844,950,2844,960,2844,10.0,Lateral,5,90.0,Lateral_163
0,10492,13549,102.3969696196699,1,1.0,0.0,950,3100,1032,3143,950,3100,1032,3143,92.59049627256569,Lateral,5,62.32792177724123,Lateral_164
0,10494,11625,33.071067811865476,2,1.0,0.0,950,3147,981,3150,950,3147,981,3150,31.144823004794873,Primary,5,84.47245984834383,Primary
1,10551,14900,284.73506473629493,2,1.0,0.0,952,923,1070,1151,952,923,1070,1151,256.7255343747482,Lateral,1,27.3635469273917,Lateral_9
1,10551,12580,57.72792206135786,2,1.0,0.0,952,923,1006,914,952,923,1006,914,54.74486277268398,Primary,1,99.46232220802563,Primary
0,10575,13280,92.74011537017755,1,1.0,0.0,952,2752,1024,2711,952,2752,1024,2711,82.85529554590944,Lateral,4,119.6591092359951,Lateral_2
0,10806,11863,34.627416997969526,2,1.0,0.0,958,2877,986,2893,958,2877,986,2893,32.2490309931942,Lateral,4,60.25511870305778,Lateral_0
0,10878,11296,16.071067811865476,2,1.0,0.0,960,2844,972,2837,960,2844,972,2837,13.892443989449804,Lateral,5,120.25643716352927,Lateral_165
0,10878,10920,4.414213562373095,2,1.0,0.0,960,2844,961,2848,960,2844,961,2848,4.123105625617661,Lateral,5,14.036243467926479,Lateral_166
0,10920,11430,29.798989873223338,1,1.0,0.0,961,2848,976,2871,961,2848,976,2871,27.459060435491963,Lateral,5,33.11134196037203,Lateral_167
1,11115,11789,29.213203435596434,2,1.0,0.0,967,1251,985,1231,967,1251,985,1231,26.90724809414742,Lateral,2,138.01278750418336,Lateral_168
1,11115,12830,59.11269837220808,2,1.0,0.0,967,1251,1012,1278,967,1251,1012,1278,52.478567053607705,None,None,59.03624346792648,
0,11296,12240,24.414213562373096,2,1.0,0.0,972,2837,996,2836,972,2837,996,2836,24.020824298928627,Lateral,5,92.38594403038883,Lateral_169
1,11611,12084,52.556349186104036,2,1.0,0.0,981,2002,992,1954,981,2002,992,1954,49.24428900898052,Lateral,3,167.09259132873416,Lateral_8
1,11611,15563,112.04163056034258,2,1.0,0.0,981,2002,1086,2009,981,2002,1086,2009,105.23307464861035,Primary,3,86.18592516570965,Primary
0,11625,13084,81.254833995939,1,1.0,0.0,981,3150,1018,3213,981,3150,1018,3213,73.06161783043132,Lateral,5,30.42578380196126,Lateral_7
0,11625,13549,53.89949493661166,2,1.0,0.0,981,3150,1032,3143,981,3150,1032,3143,51.478150704935004,Primary,5,97.81529354676688,Primary
1,11657,13501,62.01219330881973,2,1.0,0.0,982,2159,1031,2189,982,2159,1031,2189,57.4543296888929,Lateral,3,58.52316065041602,Lateral_4
0,11659,14507,81.31370849898474,2,1.0,0.0,982,2628,1059,2635,982,2628,1059,2635,77.31752712031083,Primary,4,84.8055710922652,Primary
0,11659,13278,98.39696961966992,2,1.0,0.0,982,2628,1024,2709,982,2628,1024,2709,91.2414379544733,Lateral,4,27.407575437818405,Lateral_3
1,11785,11789,4.0,2,1.0,0.0,985,1227,985,1231,985,1227,985,1231,4.0,Lateral,1,0.0,Lateral_170
1,11785,13394,62.84062043356592,2,1.0,0.0,985,1227,1028,1189,985,1227,1028,1189,57.38466694161429,Lateral,1,131.4677054161091,Lateral_171
1,11789,12830,59.94112549695427,2,1.0,0.0,985,1231,1012,1278,985,1231,1012,1278,54.20332093147061,Lateral,2,29.875992691689433,Lateral_3
0,11810,11863,12.414213562373096,1,1.0,0.0,985,2881,986,2893,985,2881,986,2893,12.041594578792296,Lateral,5,4.763641690726178,Lateral_172
1,11839,16872,243.24978336205606,2,1.0,0.0,986,1491,1120,1500,986,1491,1120,1500,134.30189872075525,Primary,2,86.15754687208515,Lateral_173
1,11839,16872,139.38477631085024,2,1.0,0.0,986,1491,1120,1500,986,1491,1120,1500,134.30189872075525,Primary,2,86.15754687208515,Lateral_174
0,11863,12098,31.142135623730955,2,1.0,0.0,986,2893,992,2920,986,2893,992,2920,27.65863337187866,Lateral,5,12.528807709151511,Lateral_175
1,12084,12371,8.414213562373096,2,1.0,0.0,992,1954,1000,1953,992,1954,1000,1953,8.06225774829855,Lateral,3,97.1250163489018,Lateral_8
0,12098,12571,20.142135623730955,2,1.0,0.0,992,2920,1005,2933,992,2920,1005,2933,18.384776310850235,Lateral,4,45.0,Lateral_0
1,12114,15126,87.38477631085021,2,1.0,0.0,993,1374,1075,1369,993,1374,1075,1369,82.15229759416349,Lateral,2,93.4893249057964,Lateral_176
0,12240,14169,77.0538238691623,1,1.0,0.0,996,2836,1050,2786,996,2836,1050,2786,73.59347797189639,Lateral,5,132.7974018382342,Lateral_177
0,12240,15347,145.0954544295049,2,1.0,0.0,996,2836,1080,2934,996,2836,1080,2934,129.07362240210043,Lateral,5,40.60129464500447,Lateral_178
1,12362,12401,5.414213562373095,2,1.0,0.0,1000,1623,1001,1628,1000,1623,1001,1628,5.0990195135927845,Lateral,2,11.309932474020213,Lateral_179
1,12371,13068,34.97056274847714,1,1.0,0.0,1000,1953,1018,1929,1000,1953,1018,1929,30.0,Lateral,3,143.13010235415598,Lateral_8
1,12371,15563,113.29646455628158,2,1.0,0.0,1000,1953,1086,2009,1000,1953,1086,2009,102.62553288534,Lateral,3,56.92932217723833,Lateral_8
1,12401,15490,143.6812408671318,2,1.0,0.0,1001,1628,1084,1715,1001,1628,1084,1715,120.24142381059865,Lateral,2,43.65211271980141,Lateral_180
1,12401,15489,128.5807358037434,2,1.0,0.0,1001,1628,1084,1714,1001,1628,1084,1714,119.5198728245642,Lateral,2,43.98302196928083,Lateral_181
0,12571,14301,90.98275605729681,2,1.0,0.0,1005,2933,1053,3000,1005,2933,1053,3000,82.41965784932621,Lateral,4,35.618489839251765,Lateral_0
0,12571,13417,28.384776310850242,2,1.0,0.0,1005,2933,1028,2920,1005,2933,1028,2920,26.419689627245813,Lateral,5,119.47588900324574,Lateral_182
1,12580,27598,773.0163773909292,2,1.0,0.0,1006,914,1507,1397,1006,914,1507,1397,695.9094768718127,Lateral,1,46.04797664600648,Lateral_10
1,12580,16744,120.0416305603426,2,1.0,0.0,1006,914,1118,896,1006,914,1118,896,113.43720729989786,Primary,1,99.13017648227869,Primary
1,12830,14860,76.81118318204304,2,1.0,0.0,1012,1278,1069,1323,1012,1278,1069,1323,72.62231062146122,None,None,51.70983680775693,
0,13217,13417,9.65685424949238,1,1.0,0.0,1022,2916,1028,2920,1022,2916,1028,2920,7.211102550927978,Lateral,4,56.309932474020215,Lateral_0
0,13278,13280,2.0,2,1.0,0.0,1024,2709,1024,2711,1024,2709,1024,2711,2.0,Lateral,4,0.0,Lateral_183
0,13278,14934,56.76955262170044,2,1.0,0.0,1024,2709,1070,2683,1024,2709,1070,2683,52.839379254491625,Lateral,4,119.47588900324574,Lateral_2
0,13280,20107,367.0020920410542,2,1.0,0.0,1024,2711,1232,2969,1024,2711,1232,2969,331.4030778372464,Lateral,4,38.87581393953752,Lateral_3
1,13394,13663,8.0,2,1.0,0.0,1028,1189,1036,1189,1028,1189,1036,1189,8.0,Lateral,1,90.0,Lateral_184
0,13417,15347,58.62741699796952,2,1.0,0.0,1028,2920,1080,2934,1028,2920,1080,2934,53.85164807134504,Lateral,5,74.9315118405078,Lateral_0
1,13501,20144,449.1147904132626,1,1.0,0.0,1031,2189,1234,2547,1031,2189,1234,2547,411.54951099472834,Lateral,3,29.55493215117834,Lateral_4
1,13501,13569,2.0,2,1.0,0.0,1031,2189,1033,2189,1031,2189,1033,2189,2.0,Lateral,3,90.0,Lateral_185
0,13549,14106,16.0,2,1.0,0.0,1032,3143,1048,3143,1032,3143,1048,3143,16.0,Primary,5,90.0,Primary
1,13569,15946,71.11269837220807,1,1.0,0.0,1033,2189,1094,2208,1033,2189,1094,2208,63.89053137985315,Lateral,3,72.69947280805499,Lateral_186
1,13569,13635,2.8284271247461903,2,1.0,0.0,1033,2189,1035,2191,1033,2189,1035,2191,2.8284271247461903,Lateral,3,45.0,Lateral_4
1,13635,13635,9.071067811865476,3,1.0,0.0,1035,2191,1035,2191,1035,2191,1035,2191,0.0,Lateral,3,0.0,Lateral_187
1,13663,14353,46.870057685088796,2,1.0,0.0,1036,1189,1055,1150,1036,1189,1055,1150,43.382023926967726,Lateral,1,154.02560603756868,Lateral_188
1,13663,16349,78.45584412271567,2,1.0,0.0,1036,1189,1107,1207,1036,1189,1107,1207,73.24616030891995,Lateral,1,75.77403610124821,Lateral_7
0,14106,14770,37.04163056034262,2,1.0,0.0,1048,3143,1066,3114,1048,3143,1066,3114,34.132096331752024,Lateral,5,148.17255342332692,Lateral_189
0,14106,14483,12.071067811865477,2,1.0,0.0,1048,3143,1058,3148,1048,3143,1058,3148,11.180339887498949,Primary,5,63.43494882292201,Primary
0,14301,14303,2.0,2,1.0,0.0,1053,3000,1053,3002,1053,3000,1053,3002,2.0,Lateral,5,0.0,Lateral_190
0,14301,16371,92.6396103067892,2,1.0,0.0,1053,3000,1107,3065,1053,3000,1107,3065,84.50443775329198,Lateral,4,39.71875937155489,Lateral_0
0,14303,15834,89.3969696196699,2,1.0,0.0,1053,3002,1092,3073,1053,3002,1092,3073,81.00617260431454,Lateral,5,28.779806304397212,Lateral_191
0,14303,14376,3.414213562373095,2,1.0,0.0,1053,3002,1055,3004,1053,3002,1055,3004,2.8284271247461903,Lateral,5,45.0,Lateral_192
1,14353,14900,15.414213562373096,2,1.0,0.0,1055,1150,1070,1151,1055,1150,1070,1151,15.033296378372908,Lateral,1,86.18592516570965,Lateral_193
0,14376,14376,6.242640687119285,3,1.0,0.0,1055,3004,1055,3004,1055,3004,1055,3004,0.0,Lateral,5,0.0,Lateral_194
0,14483,16738,77.01219330881972,2,1.0,0.0,1058,3148,1117,3183,1058,3148,1117,3183,68.60029154456998,Lateral,5,59.32271997820356,Lateral_11
0,14483,16025,40.07106781186547,2,1.0,0.0,1058,3148,1096,3143,1058,3148,1096,3143,38.3275357934736,Primary,5,97.49585763972986,Primary
0,14507,14591,17.65685424949238,1,1.0,0.0,1059,2635,1061,2651,1059,2635,1061,2651,16.1245154965971,Lateral,4,7.125016348901798,Lateral_195
0,14507,19795,169.04163056034267,2,1.0,0.0,1059,2635,1221,2628,1059,2635,1221,2628,162.15116404145854,Primary,4,92.47420446817046,Primary
0,14764,14770,6.0,2,1.0,0.0,1066,3108,1066,3114,1066,3108,1066,3114,6.0,Lateral,5,0.0,Lateral_196
0,14764,15801,44.97056274847714,2,1.0,0.0,1066,3108,1091,3081,1066,3108,1091,3081,36.796738985948195,Lateral,5,137.20259816176582,Lateral_197
0,14770,15960,36.45584412271572,2,1.0,0.0,1066,3114,1094,3133,1066,3114,1094,3133,33.83784863137726,Lateral,5,55.84030545433057,Lateral_11
1,14860,14861,1.0,2,1.0,0.0,1069,1323,1069,1324,1069,1323,1069,1324,1.0,Lateral,2,0.0,Lateral_198
1,14860,17102,81.39696961966992,2,1.0,0.0,1069,1323,1128,1368,1069,1323,1128,1368,74.2024258363566,None,None,52.66680426181418,
1,14861,15935,55.18376618407355,2,1.0,0.0,1069,1324,1094,1368,1069,1324,1094,1368,50.60632371551998,Lateral,2,29.60445074600491,Lateral_199
1,14861,15001,3.82842712474619,2,1.0,0.0,1069,1324,1072,1326,1069,1324,1072,1326,3.605551275463989,Lateral,2,56.309932474020215,Lateral_5
0,14877,14979,15.828427124746192,1,1.0,0.0,1069,2664,1071,2679,1069,2664,1071,2679,15.132745950421556,Lateral,4,7.594643368591445,Lateral_4
1,14900,16349,77.42640687119281,2,1.0,0.0,1070,1151,1107,1207,1070,1151,1107,1207,67.11929677819934,Lateral,1,33.453309454072674,Lateral_9
0,14934,14979,4.414213562373095,2,1.0,0.0,1070,2683,1071,2679,1070,2683,1071,2679,4.123105625617661,Lateral,4,165.96375653207352,Lateral_200
0,14934,15985,102.59797974644661,1,1.0,0.0,1070,2683,1095,2773,1070,2683,1095,2773,93.40770846134703,Lateral,4,15.524110996754258,Lateral_4
0,14979,16836,50.48528137423857,2,1.0,0.0,1071,2679,1119,2683,1071,2679,1119,2683,48.16637831516918,Lateral,4,85.23635830927383,Lateral_2
1,15001,15001,6.242640687119285,3,1.0,0.0,1072,1326,1072,1326,1072,1326,1072,1326,0.0,Lateral,2,0.0,Lateral_201
1,15126,16152,39.55634918610405,2,1.0,0.0,1075,1369,1101,1389,1075,1369,1101,1389,32.802438933713454,Lateral,2,52.43140797117251,Lateral_5
1,15126,15935,19.414213562373096,2,1.0,0.0,1075,1369,1094,1368,1075,1369,1094,1368,19.026297590440446,Lateral,2,93.01278750418334,Lateral_202
0,15347,15538,5.0,2,1.0,0.0,1080,2934,1085,2934,1080,2934,1085,2934,5.0,Lateral,5,90.0,Lateral_203
1,15489,15490,1.0,2,1.0,0.0,1084,1714,1084,1715,1084,1714,1084,1715,1.0,Lateral,2,0.0,Lateral_204
1,15489,21527,254.0782104868025,1,1.0,0.0,1084,1714,1289,1790,1084,1714,1289,1790,218.6343980255623,Lateral,2,69.6586595873076,Lateral_205
1,15490,16648,117.42640687119278,2,1.0,0.0,1084,1715,1115,1819,1084,1715,1115,1819,108.52188719332152,Lateral,2,16.598104392861046,Lateral_206
0,15538,20031,161.56854249492392,2,1.0,0.0,1085,2934,1229,2969,1085,2934,1229,2969,148.1924424523734,Lateral,5,76.3388462930945,Lateral_0
0,15538,17447,111.71067811865467,1,1.0,0.0,1085,2934,1137,3023,1085,2934,1137,3023,103.07764064044152,Lateral,5,30.29644817623844,Lateral_207
1,15563,18203,81.87005768508878,2,1.0,0.0,1086,2009,1160,2028,1086,2009,1160,2028,76.40026177965623,Primary,3,75.59997869320895,Primary
1,15627,19774,144.35533905932738,2,1.0,0.0,1088,851,1221,827,1088,851,1221,827,135.14806694880988,Lateral,1,100.22900828735952,Lateral_8
1,15627,16744,58.59797974644664,2,1.0,0.0,1088,851,1118,896,1088,851,1118,896,54.08326913195984,None,None,33.690067525979785,
0,15801,15834,8.414213562373096,2,1.0,0.0,1091,3081,1092,3073,1091,3081,1092,3073,8.06225774829855,Lateral,5,172.8749836510982,Lateral_209
0,15801,15960,53.242640687119284,2,1.0,0.0,1091,3081,1094,3133,1091,3081,1094,3133,52.08646657242167,Lateral,5,3.3018656744350032,Lateral_210
0,15834,16371,18.313708498984763,2,1.0,0.0,1092,3073,1107,3065,1092,3073,1107,3065,17.0,Lateral,5,118.07248693585296,Lateral_211
1,15935,16238,10.82842712474619,2,1.0,0.0,1094,1368,1104,1370,1094,1368,1104,1370,10.198039027185569,Lateral,2,78.69006752597979,Lateral_7
0,15960,16025,10.82842712474619,2,1.0,0.0,1094,3133,1096,3143,1094,3133,1096,3143,10.198039027185569,Lateral,5,11.309932474020213,Lateral_212
0,16025,16498,15.82842712474619,2,1.0,0.0,1096,3143,1111,3145,1096,3143,1111,3145,15.132745950421556,Primary,5,82.40535663140857,Primary
1,16152,16280,11.656854249492381,2,1.0,0.0,1101,1389,1105,1379,1101,1389,1105,1379,10.770329614269007,Lateral,2,158.19859051364818,Lateral_213
1,16152,16282,4.414213562373095,2,1.0,0.0,1101,1389,1105,1390,1101,1389,1105,1390,4.123105625617661,Lateral,2,75.96375653207353,Lateral_7
1,16238,16280,9.414213562373096,2,1.0,0.0,1104,1370,1105,1379,1104,1370,1105,1379,9.055385138137417,Lateral,2,6.34019174590991,Lateral_214
1,16238,17102,24.82842712474619,2,1.0,0.0,1104,1370,1128,1368,1104,1370,1128,1368,24.08318915758459,Lateral,2,94.76364169072617,Lateral_7
1,16280,16386,6.82842712474619,2,1.0,0.0,1105,1379,1108,1384,1105,1379,1108,1384,5.830951894845301,Lateral,2,30.96375653207352,Lateral_215
1,16282,16386,7.242640687119285,2,1.0,0.0,1105,1390,1108,1384,1105,1390,1108,1384,6.708203932499369,Lateral,2,153.434948822922,Lateral_216
1,16282,16754,21.313708498984766,2,1.0,0.0,1105,1390,1118,1403,1105,1390,1118,1403,18.384776310850235,Lateral,2,45.0,Lateral_6
1,16349,16974,26.62741699796953,2,1.0,0.0,1107,1207,1124,1226,1107,1207,1124,1226,25.495097567963924,Lateral,1,41.82016988013577,Lateral_217
0,16371,17768,60.52691193458116,2,1.0,0.0,1107,3065,1147,3099,1107,3065,1147,3099,52.49761899362675,Lateral,4,49.635463426902646,Lateral_0
1,16386,16754,25.142135623730955,2,1.0,0.0,1108,1384,1118,1403,1108,1384,1118,1403,21.470910553583888,Lateral,2,27.758540601060023,Lateral_218
0,16399,16836,30.55634918610405,1,1.0,0.0,1108,2657,1119,2683,1108,2657,1119,2683,28.231188426986208,Lateral,4,22.932100437589785,Lateral_219
0,16498,16738,42.14213562373095,2,1.0,0.0,1111,3145,1117,3183,1111,3145,1117,3183,38.47076812334269,Lateral,5,8.972626614896393,Lateral_220
0,16498,17321,27.142135623730958,2,1.0,0.0,1111,3145,1134,3135,1111,3145,1134,3135,25.079872407968907,Primary,5,113.49856567595211,Primary
1,16648,20282,198.89444430272846,2,1.0,0.0,1115,1819,1240,1936,1115,1819,1240,1936,171.21331723905124,Lateral,2,46.89338584574627,Lateral_2
0,16738,16855,5.82842712474619,2,1.0,0.0,1117,3183,1119,3188,1117,3183,1119,3188,5.385164807134504,Lateral,5,21.80140948635181,Lateral_221
1,16744,17529,23.242640687119284,2,1.0,0.0,1118,896,1140,899,1118,896,1140,899,22.20360331117452,Primary,1,82.23483398157467,Primary
1,16754,18275,84.98275605729684,2,1.0,0.0,1118,1403,1162,1468,1118,1403,1162,1468,78.49203781276162,Lateral,2,34.094977954765554,Lateral_6
10,16803,18097,45.21320343559641,0,1.0,0.0,1119,1130,1158,1137,1119,1130,1158,1137,39.6232255123179,Lateral,1,79.8244891569568,Lateral_222
0,16836,21706,449.4163056034273,2,1.0,0.0,1119,2683,1294,3035,1119,2683,1294,3035,393.1017679939891,Lateral,4,26.43468557835434,Lateral_2
0,16855,20203,174.75230867899748,1,1.0,0.0,1119,3188,1236,3285,1119,3188,1236,3285,151.9802618763371,Lateral,5,50.339236803737585,Lateral_11
0,16855,18901,69.97056274847712,1,1.0,0.0,1119,3188,1184,3190,1119,3188,1184,3190,65.03076195155643,Lateral,5,88.23760897633949,Lateral_12
1,16872,17338,16.242640687119284,2,1.0,0.0,1120,1500,1135,1503,1120,1500,1135,1503,15.297058540778355,Primary,2,78.69006752597979,Lateral_223
1,16974,19349,184.3380951166244,2,1.0,0.0,1124,1226,1202,1371,1124,1226,1202,1371,164.64810961562844,Lateral,1,28.277186956347236,Lateral_9
1,16974,19923,126.95331880577392,1,1.0,0.0,1124,1226,1226,1282,1124,1226,1226,1282,116.36150566231085,Lateral,1,61.232350661156204,Lateral_7
1,17102,17288,6.0,2,1.0,0.0,1128,1368,1134,1368,1128,1368,1134,1368,6.0,Lateral,2,90.0,Lateral_3
1,17288,18367,79.0121933088197,1,1.0,0.0,1134,1368,1165,1433,1134,1368,1165,1433,72.01388754955533,Lateral,2,25.497551493337784,Lateral_224
1,17288,19349,70.07106781186546,2,1.0,0.0,1134,1368,1202,1371,1134,1368,1202,1371,68.06614430096654,Lateral,2,87.47388308838046,Lateral_3
0,17321,17777,32.97056274847715,2,1.0,0.0,1134,3135,1147,3108,1134,3135,1147,3108,29.966648127543394,Lateral,5,154.29004621918875,Lateral_225
0,17321,18436,35.071067811865476,2,1.0,0.0,1134,3135,1167,3136,1134,3135,1167,3136,33.015148038438355,Primary,5,88.26429541107161,Primary
1,17338,18246,78.59797974644661,1,1.0,0.0,1135,1503,1161,1570,1135,1503,1161,1570,71.8679344353238,Lateral,2,21.209226134222803,Lateral_9
1,17338,18281,28.242640687119287,2,1.0,0.0,1135,1503,1162,1500,1135,1503,1162,1500,27.16615541441225,Primary,2,96.3401917459099,Lateral_227
1,17529,18930,52.142135623730944,2,1.0,0.0,1140,899,1186,887,1140,899,1186,887,47.53945729601885,Primary,1,104.62087398863166,Primary
1,17529,27557,550.1391770309027,2,1.0,0.0,1140,899,1506,1065,1140,899,1506,1065,401.8855558489257,Lateral,1,65.60324107341734,Lateral_12
0,17768,17777,9.0,2,1.0,0.0,1147,3099,1147,3108,1147,3099,1147,3108,9.0,Lateral,5,0.0,Lateral_228
0,17768,21866,177.78174593052023,2,1.0,0.0,1147,3099,1298,3052,1147,3099,1298,3052,158.14550262337528,Lateral,5,107.28918598474691,Lateral_15
0,17777,18436,37.45584412271572,2,1.0,0.0,1147,3108,1167,3136,1147,3108,1167,3136,34.40930106817051,Lateral,4,35.53767779197438,Lateral_0
1,18203,20190,126.50966799187795,2,1.0,0.0,1160,2028,1236,2116,1160,2028,1236,2116,116.27553482998907,Lateral,3,40.81508387488159,Lateral_10
1,18203,19110,33.82842712474619,2,1.0,0.0,1160,2028,1193,2026,1160,2028,1193,2026,33.06055050963308,Primary,3,93.46822925891715,Primary
1,18275,18281,34.485281374238575,2,1.0,0.0,1162,1468,1162,1500,1162,1468,1162,1500,32.0,None,None,0.0,
1,18275,18311,1.0,2,1.0,0.0,1162,1468,1163,1468,1162,1468,1163,1468,1.0,Lateral,2,90.0,Lateral_230
1,18281,18859,22.242640687119287,2,1.0,0.0,1162,1500,1183,1499,1162,1500,1183,1499,21.02379604162864,Primary,2,92.72631099390628,Lateral_231
1,18311,18314,3.0,2,1.0,0.0,1163,1468,1163,1471,1163,1468,1163,1471,3.0,Lateral,2,0.0,Lateral_232
1,18311,18859,42.21320343559643,2,1.0,0.0,1163,1468,1183,1499,1163,1468,1183,1499,36.89173349139343,Lateral,2,32.82854179141253,Lateral_12
1,18314,18314,6.242640687119285,3,1.0,0.0,1163,1471,1163,1471,1163,1471,1163,1471,0.0,Lateral,2,0.0,Lateral_233
0,18436,18529,4.0,2,1.0,0.0,1167,3136,1171,3136,1167,3136,1171,3136,4.0,Primary,5,90.0,Primary
0,18529,18923,46.79898987322332,1,1.0,0.0,1171,3136,1185,3177,1171,3136,1185,3177,43.32435804486894,Lateral,5,18.85315876441911,Lateral_234
0,18529,20151,65.89949493661166,2,1.0,0.0,1171,3136,1234,3137,1171,3136,1234,3137,63.00793600809346,Primary,5,89.09061955080087,Primary
1,18859,19510,27.656854249492383,2,1.0,0.0,1183,1499,1209,1503,1183,1499,1209,1503,26.30589287593181,Primary,2,81.2538377374448,Lateral_235
1,18930,20037,72.91168824543136,2,1.0,0.0,1186,887,1230,837,1186,887,1230,837,66.60330322138685,Lateral,1,138.65222278030632,Lateral_13
1,18930,26698,307.1543289325509,2,1.0,0.0,1186,887,1477,902,1186,887,1477,902,291.3863414781139,Primary,1,87.04922089099365,Primary
1,19110,19516,46.62741699796951,1,1.0,0.0,1193,2026,1209,1986,1193,2026,1209,1986,43.08131845707603,Lateral,3,158.19859051364818,Lateral_11
1,19110,21850,109.97056274847712,2,1.0,0.0,1193,2026,1298,2036,1193,2026,1298,2036,105.47511554864494,Primary,3,84.55966796899449,Primary
1,19349,21575,114.61017305526632,2,1.0,0.0,1202,1371,1291,1430,1202,1371,1291,1430,106.78014796768171,Lateral,2,56.4587523458772,Lateral_3
1,19510,21310,76.31370849898475,2,1.0,0.0,1209,1503,1281,1496,1209,1503,1281,1496,72.3394774656273,Primary,2,95.55297103303681,Lateral_236
1,19510,23620,376.54624791833805,1,1.0,0.0,1209,1503,1360,1813,1209,1503,1360,1813,344.82024302526094,Lateral,2,25.970563774622796,Lateral_13
1,19774,20873,61.2842712474619,2,1.0,0.0,1221,827,1266,813,1221,827,1266,813,47.12748667179272,Lateral,1,107.28149837181665,Lateral_8
1,19774,20037,13.727922061357859,2,1.0,0.0,1221,827,1230,837,1221,827,1230,837,13.45362404707371,Lateral,1,41.98721249581666,Lateral_237
0,19795,22371,137.12489168102775,2,1.0,0.0,1221,2628,1316,2558,1221,2628,1316,2558,118.00423721205946,Lateral,4,126.3843518158359,Lateral_5
0,19795,22397,96.82842712474618,2,1.0,0.0,1221,2628,1317,2630,1221,2628,1317,2630,96.02083107326243,Primary,4,88.80651057601797,Primary
0,19973,19973,6.242640687119285,3,1.0,0.0,1227,2966,1227,2966,1227,2966,1227,2966,0.0,Lateral,5,0.0,Lateral_0
0,19973,20031,3.8284271247461903,2,1.0,0.0,1227,2966,1229,2969,1227,2966,1229,2969,3.605551275463989,Lateral,5,33.690067525979785,Lateral_238
0,20031,20107,3.0,2,1.0,0.0,1229,2969,1232,2969,1229,2969,1232,2969,3.0,Lateral,5,90.0,Lateral_0
1,20037,20873,46.52691193458118,2,1.0,0.0,1230,837,1266,813,1230,837,1266,813,43.266615305567875,Lateral,1,123.69006752597979,Lateral_13
0,20107,21706,96.95331880577396,2,1.0,0.0,1232,2969,1294,3035,1232,2969,1294,3035,90.55385138137417,Lateral,5,43.21008939175393,Lateral_0
0,20151,25636,272.119841047145,2,1.0,0.0,1234,3137,1440,3272,1234,3137,1440,3272,246.29453911932356,Lateral,5,56.7615790386782,Lateral_16
0,20151,20762,28.65685424949238,2,1.0,0.0,1234,3137,1261,3133,1234,3137,1261,3133,27.294688127912362,Primary,5,98.42696902148067,Primary
1,20190,24403,174.81118318204318,2,1.0,0.0,1236,2116,1392,2152,1236,2116,1392,2152,160.099968769516,Lateral,3,77.0053832080835,Lateral_239
1,20190,23522,312.11984104714514,1,1.0,0.0,1236,2116,1356,2377,1236,2116,1356,2377,287.2646863086377,Lateral,3,24.691558163478064,Lateral_10
1,20282,23731,176.65180361560917,2,1.0,0.0,1240,1936,1365,2029,1240,1936,1365,2029,155.80115532305913,Lateral,2,53.35075253233141,Lateral_2
1,20282,20375,12.656854249492381,1,1.0,0.0,1240,1936,1244,1947,1240,1936,1244,1947,11.704699910719626,Lateral,3,19.98310652189998,Lateral_241
0,20762,22447,90.84062043356589,2,1.0,0.0,1261,3133,1318,3081,1261,3133,1318,3081,77.15568676384133,Lateral,5,132.37359436170925,Lateral_17
0,20762,24096,126.0416305603426,2,1.0,0.0,1261,3133,1380,3144,1261,3133,1380,3144,119.50732195141852,Primary,5,84.71875937155488,Primary
11,20871,21335,59.455844122715696,0,1.0,0.0,1266,725,1282,777,1266,725,1282,777,54.405882034941776,Lateral,1,17.102728969052375,Lateral_242
1,20873,22732,64.48528137423857,2,1.0,0.0,1266,813,1328,817,1266,813,1328,817,62.12889826803627,Lateral,1,86.30861401354873,Lateral_13
1,21310,22287,35.89949493661166,2,1.0,0.0,1281,1496,1313,1488,1281,1496,1313,1488,32.984845004941285,Primary,2,104.03624346792648,Lateral_243
1,21310,26365,265.0071426749367,2,1.0,0.0,1281,1496,1464,1610,1281,1496,1464,1610,215.60380330597138,Lateral,2,58.07912378006683,Lateral_14
1,21575,23143,73.94112549695427,2,1.0,0.0,1291,1430,1343,1464,1291,1430,1343,1464,62.12889826803627,Lateral,2,56.82148834060726,Lateral_10
1,21575,21637,2.0,2,1.0,0.0,1291,1430,1293,1430,1291,1430,1293,1430,2.0,None,None,90.0,
1,21637,23449,69.6274169979695,2,1.0,0.0,1293,1430,1354,1444,1293,1430,1354,1444,62.5859409132754,None,None,77.07400087529405,
1,21637,21752,4.242640687119286,2,1.0,0.0,1293,1430,1296,1433,1293,1430,1296,1433,4.242640687119285,Lateral,2,45.0,Lateral_10
0,21706,21866,18.65685424949238,2,1.0,0.0,1294,3035,1298,3052,1294,3035,1298,3052,17.46424919657298,Lateral,4,13.240519915187205,Lateral_2
1,21752,21752,6.242640687119285,3,1.0,0.0,1296,1433,1296,1433,1296,1433,1296,1433,0.0,Lateral,2,0.0,Lateral_10
1,21850,24456,158.6934341759517,2,1.0,0.0,1298,2036,1394,2152,1298,2036,1394,2152,150.57224179774968,Lateral,3,39.61068824002659,Lateral_12
1,21850,23731,70.72792206135784,2,1.0,0.0,1298,2036,1365,2029,1298,2036,1365,2029,67.36467917239716,Primary,3,95.96448710125313,Primary
0,21866,22444,26.970562748477146,2,1.0,0.0,1298,3052,1318,3066,1298,3052,1318,3066,24.413111231467404,Lateral,5,55.00797980144134,Lateral_246
1,22287,22336,15.828427124746192,1,1.0,0.0,1313,1488,1315,1473,1313,1488,1315,1473,15.132745950421556,None,None,172.40535663140858,
1,22287,23590,48.07106781186547,2,1.0,0.0,1313,1488,1359,1483,1313,1488,1359,1483,46.2709412050371,Primary,2,96.20344790169185,Lateral_248
0,22371,22434,4.82842712474619,1,1.0,0.0,1316,2558,1318,2554,1316,2558,1318,2554,4.47213595499958,Lateral,4,153.434948822922,Lateral_5
0,22371,24758,96.38477631085021,2,1.0,0.0,1316,2558,1406,2564,1316,2558,1406,2564,90.19977827023745,Lateral,4,86.18592516570965,Lateral_249
0,22397,25324,396.9604614807113,1,1.0,0.0,1317,2630,1430,2959,1317,2630,1430,2959,347.86491631091513,Lateral,4,18.95580519742397,Lateral_6
0,22397,23975,62.970562748477136,2,1.0,0.0,1317,2630,1375,2618,1317,2630,1375,2618,59.22837157984339,Primary,4,101.6893691754392,Primary
0,22444,22445,1.0,2,1.0,0.0,1318,3066,1318,3067,1318,3066,1318,3067,1.0,Lateral,4,0.0,Lateral_2
0,22444,22926,21.89949493661167,2,1.0,0.0,1318,3066,1334,3076,1318,3066,1334,3076,18.867962264113206,Lateral,5,57.9946167919165,Lateral_250
0,22445,22447,14.828427124746192,2,1.0,0.0,1318,3067,1318,3081,1318,3067,1318,3081,14.0,Lateral,4,0.0,Lateral_2
0,22445,22533,4.82842712474619,2,1.0,0.0,1318,3067,1321,3070,1318,3067,1321,3070,4.242640687119285,Lateral,5,45.0,Lateral_0
0,22447,22839,13.414213562373096,2,1.0,0.0,1318,3081,1331,3082,1318,3081,1331,3082,13.038404810405298,Lateral,5,85.60129464500447,Lateral_17
0,22533,22533,6.242640687119285,3,1.0,0.0,1321,3070,1321,3070,1321,3070,1321,3070,0.0,Lateral,5,0.0,Lateral_17
1,22732,25021,103.35533905932733,2,1.0,0.0,1328,817,1417,832,1328,817,1417,832,90.2551937563706,Lateral,1,80.4333140102856,Lateral_13
1,22732,25021,105.0121933088197,2,1.0,0.0,1328,817,1417,832,1328,817,1417,832,90.2551937563706,Lateral,1,80.4333140102856,Lateral_251
0,22839,22926,7.242640687119285,2,1.0,0.0,1331,3082,1334,3076,1331,3082,1334,3076,6.708203932499369,Lateral,5,153.434948822922,Lateral_17
0,22839,24283,87.29646455628159,2,1.0,0.0,1331,3082,1387,3142,1331,3082,1387,3142,82.07313811473277,Lateral,5,43.025065989118026,Lateral_0
0,22926,27370,193.823376490863,2,1.0,0.0,1334,3076,1498,3148,1334,3076,1498,3148,179.10890541790488,Lateral,5,66.29735404903377,Lateral_17
1,23143,23449,24.55634918610405,2,1.0,0.0,1343,1464,1354,1444,1343,1464,1354,1444,22.825424421026653,Lateral,2,151.18920625702694,Lateral_253
1,23143,23590,26.213203435596434,2,1.0,0.0,1343,1464,1359,1483,1343,1464,1359,1483,24.839484696748443,None,None,40.10090754621224,
1,23449,23784,14.0,2,1.0,0.0,1354,1444,1368,1444,1354,1444,1368,1444,14.0,Lateral,2,90.0,Lateral_17
1,23590,23785,9.414213562373096,2,1.0,0.0,1359,1483,1368,1484,1359,1483,1368,1484,9.055385138137417,Primary,2,83.6598082540901,Lateral_255
1,23731,28289,175.79898987322338,2,1.0,0.0,1365,2029,1535,2033,1365,2029,1535,2033,170.0470523119998,Primary,3,88.65211271980141,Primary
1,23784,27598,159.63961030678922,2,1.0,0.0,1368,1444,1507,1397,1368,1444,1507,1397,146.7310464761974,Lateral,2,108.68191186034827,Lateral_15
1,23784,25458,76.8700576850888,2,1.0,0.0,1368,1444,1435,1465,1368,1444,1435,1465,70.21395872616783,Lateral,2,72.59729586864373,Lateral_11
1,23785,24901,105.15432893255061,1,1.0,0.0,1368,1484,1412,1568,1368,1484,1412,1568,94.82615672903758,None,None,27.64597536373868,
1,23785,24582,32.82842712474619,2,1.0,0.0,1368,1484,1400,1484,1368,1484,1400,1484,32.0,Primary,2,90.0,Lateral_12
0,23975,24758,67.42640687119281,2,1.0,0.0,1375,2618,1406,2564,1375,2618,1406,2564,62.26556030423239,Lateral,4,150.14098383507692,Lateral_7
0,23975,27216,128.11269837220806,2,1.0,0.0,1375,2618,1494,2640,1375,2618,1494,2640,121.01652779682617,Primary,4,79.52576517177418,Primary
0,24096,25636,156.95331880577407,2,1.0,0.0,1380,3144,1440,3272,1380,3144,1440,3272,141.36477637657833,Lateral,5,25.114834886144564,Lateral_18
0,24096,24283,7.82842712474619,2,1.0,0.0,1380,3144,1387,3142,1380,3144,1387,3142,7.280109889280518,Primary,5,105.94539590092286,Primary
0,24283,25109,37.14213562373095,2,1.0,0.0,1387,3142,1420,3152,1387,3142,1420,3152,34.48187929913333,Primary,5,73.14160123226172,Primary
1,24352,24352,6.242640687119285,3,1.0,0.0,1390,2150,1390,2150,1390,2150,1390,2150,0.0,Lateral,3,0.0,Lateral_257
1,24352,24403,2.8284271247461903,2,1.0,0.0,1390,2150,1392,2152,1390,2150,1392,2152,2.8284271247461903,Lateral,3,45.0,Lateral_258
1,24403,24456,2.0,2,1.0,0.0,1392,2152,1394,2152,1392,2152,1394,2152,2.0,Lateral,3,90.0,Lateral_259
1,24456,30518,397.8843430349631,1,1.0,0.0,1394,2152,1627,2444,1394,2152,1627,2444,373.5679322425842,Lateral,3,38.58794903652535,Lateral_12
1,24582,26365,152.50966799187802,2,1.0,0.0,1400,1484,1464,1610,1400,1484,1464,1610,141.3223266154361,None,None,26.927677851040503,
1,24582,25270,29.242640687119287,2,1.0,0.0,1400,1484,1428,1487,1400,1484,1428,1487,28.160255680657446,Primary,2,83.8844964337146,Lateral_261
0,24758,26874,89.1837661840735,2,1.0,0.0,1406,2564,1483,2584,1406,2564,1483,2584,79.55501241279521,Lateral,4,75.43972438064313,Lateral_7
1,25021,25753,29.242640687119287,2,1.0,0.0,1417,832,1445,835,1417,832,1445,835,28.160255680657446,Lateral,1,83.8844964337146,Lateral_13
0,25109,26349,143.63961030678922,2,1.0,0.0,1420,3152,1463,3277,1420,3152,1463,3277,132.18925826253812,Lateral,5,18.98321705922621,Lateral_19
0,25109,26187,40.48528137423857,2,1.0,0.0,1420,3152,1458,3158,1420,3152,1458,3158,38.47076812334269,Primary,5,81.02737338510362,Primary
1,25270,25340,4.82842712474619,2,1.0,0.0,1428,1487,1431,1484,1428,1487,1431,1484,4.242640687119285,None,None,135.0,
1,25270,25549,15.071067811865476,2,1.0,0.0,1428,1487,1438,1495,1428,1487,1438,1495,12.806248474865697,Primary,2,51.34019174590991,Lateral_263
1,25340,25458,20.656854249492383,2,1.0,0.0,1431,1484,1435,1465,1431,1484,1435,1465,19.4164878389476,Lateral,2,168.11134196037204,Lateral_264
1,25340,25539,7.414213562373095,2,1.0,0.0,1431,1484,1438,1485,1431,1484,1438,1485,7.0710678118654755,Lateral,2,81.86989764584403,Lateral_265
1,25458,25847,13.828427124746192,2,1.0,0.0,1435,1465,1448,1463,1435,1465,1448,1463,13.152946437965905,Lateral,2,98.74616226255522,Lateral_266
1,25539,25549,10.0,2,1.0,0.0,1438,1485,1438,1495,1438,1485,1438,1495,10.0,None,None,0.0,
1,25539,25643,3.414213562373095,2,1.0,0.0,1438,1485,1441,1486,1438,1485,1441,1486,3.1622776601683795,Lateral,2,71.56505117707799,Lateral_11
1,25549,25577,1.0,2,1.0,0.0,1438,1495,1439,1495,1438,1495,1439,1495,1.0,Primary,2,90.0,Lateral_12
1,25577,28576,132.22539674441612,2,1.0,0.0,1439,1495,1547,1489,1439,1495,1547,1489,108.16653826391968,Primary,2,93.17983011986423,Lateral_268
1,25577,25643,9.82842712474619,2,1.0,0.0,1439,1495,1441,1486,1439,1495,1441,1486,9.219544457292887,None,None,167.47119229084848,
0,25636,25930,12.485281374238571,2,1.0,0.0,1440,3272,1450,3278,1440,3272,1450,3278,11.661903789690601,Lateral,5,59.03624346792648,Lateral_16
1,25643,28085,89.31370849898475,2,1.0,0.0,1441,1486,1527,1490,1441,1486,1527,1490,86.09297300012354,Lateral,2,87.33699923393286,Lateral_12
1,25753,26266,18.65685424949238,1,1.0,0.0,1445,835,1461,830,1445,835,1461,830,16.76305461424021,Lateral,1,107.35402463626133,Lateral_270
1,25753,27291,59.79898987322332,2,1.0,0.0,1445,835,1496,852,1445,835,1496,852,53.75872022286245,Lateral,1,71.56505117707799,Lateral_13
1,25847,28281,103.49747468305827,2,1.0,0.0,1448,1463,1535,1426,1448,1463,1535,1426,94.54099639838793,Lateral,2,113.03943597990354,Lateral_271
1,25847,28106,87.79898987322332,2,1.0,0.0,1448,1463,1528,1479,1448,1463,1528,1479,81.58431221748455,Lateral,2,78.69006752597979,Lateral_11
0,25930,26804,134.254833995939,1,1.0,0.0,1450,3278,1480,3399,1450,3278,1480,3399,124.66354719804824,Lateral,5,13.924773220409437,Lateral_19
0,25930,26349,13.414213562373096,2,1.0,0.0,1450,3278,1463,3277,1450,3278,1463,3277,13.038404810405298,Lateral,5,94.39870535499554,Lateral_272
0,26187,27370,44.72792206135784,2,1.0,0.0,1458,3158,1498,3148,1458,3158,1498,3148,41.23105625617661,Primary,5,104.03624346792648,Primary
0,26187,33943,441.8010819142779,1,1.0,0.0,1458,3158,1775,3390,1458,3158,1775,3390,392.8269339034685,Lateral,5,53.80105077136859,Lateral_21
0,26349,26585,10.65685424949238,2,1.0,0.0,1463,3277,1472,3281,1463,3277,1472,3281,9.848857801796104,Lateral,5,66.03751102542182,Lateral_16
1,26365,26429,3.0,2,1.0,0.0,1464,1610,1467,1610,1464,1610,1467,1610,3.0,Lateral,2,90.0,Lateral_273
1,26429,27363,144.49747468305827,1,1.0,0.0,1467,1610,1498,1740,1467,1610,1498,1740,133.64505228402584,Lateral,2,13.412357641868418,Lateral_274
1,26429,28334,74.55634918610403,1,1.0,0.0,1467,1610,1537,1599,1467,1610,1537,1599,70.8590149522275,Lateral,2,98.930590100419,Lateral_275
0,26585,27285,38.142135623730944,2,1.0,0.0,1472,3281,1495,3284,1472,3281,1495,3284,23.194827009486403,Lateral,5,82.5685920288275,Lateral_276
0,26585,27285,25.07106781186548,2,1.0,0.0,1472,3281,1495,3284,1472,3281,1495,3284,23.194827009486403,Lateral,5,82.5685920288275,Lateral_277
1,26590,27291,36.97056274847715,1,1.0,0.0,1473,833,1496,852,1473,833,1496,852,29.832867780352597,Lateral,1,50.44033203100551,Lateral_278
1,26698,27988,48.24264068711929,2,1.0,0.0,1477,902,1523,898,1477,902,1523,898,46.17358552246078,Primary,1,94.96974072811031,Primary
1,26698,28935,180.13708498984772,2,1.0,0.0,1477,902,1561,1045,1477,902,1561,1045,165.8463143998081,Lateral,1,30.43051234692974,Lateral_14
0,26874,28192,74.74011537017756,2,1.0,0.0,1483,2584,1531,2633,1483,2584,1531,2633,68.59300255857006,Lateral,4,44.40934278535333,Lateral_279
0,26874,26907,1.0,2,1.0,0.0,1483,2584,1484,2584,1483,2584,1484,2584,1.0,Lateral,4,90.0,Lateral_280
0,26907,29280,97.11269837220804,2,1.0,0.0,1484,2584,1571,2603,1484,2584,1571,2603,89.05054744357274,Lateral,4,77.6805547433634,Lateral_7
0,26907,26993,3.8284271247461903,2,1.0,0.0,1484,2584,1487,2586,1484,2584,1487,2586,3.605551275463989,Lateral,4,56.309932474020215,Lateral_281
0,26993,26993,6.242640687119285,3,1.0,0.0,1487,2586,1487,2586,1487,2586,1487,2586,0.0,Lateral,4,0.0,Lateral_282
0,27216,35254,575.1513703397227,1,1.0,0.0,1494,2640,1832,2986,1494,2640,1832,2986,483.69411821935563,Lateral,4,44.32990447777547,Lateral_8
0,27216,28192,39.89949493661166,2,1.0,0.0,1494,2640,1531,2633,1494,2640,1531,2633,37.656340767525464,Primary,4,100.71312302279104,Primary
0,27285,27552,10.82842712474619,2,1.0,0.0,1495,3284,1505,3282,1495,3284,1505,3282,10.198039027185569,Lateral,5,101.30993247402021,Lateral_283
1,27291,27581,13.899494936611667,2,1.0,0.0,1496,852,1507,859,1496,852,1507,859,13.038404810405298,Lateral,1,57.52880770915151,Lateral_284
0,27370,27819,18.0,2,1.0,0.0,1498,3148,1516,3148,1498,3148,1516,3148,18.0,Primary,5,90.0,Primary
0,27552,29287,97.05382386916229,1,1.0,0.0,1505,3282,1571,3272,1505,3282,1571,3272,66.75327707311455,Lateral,5,98.61564818416412,Lateral_285
0,27552,30817,151.32590180780454,1,1.0,0.0,1505,3282,1641,3319,1505,3282,1641,3319,140.9432509913121,Lateral,5,74.7805351688262,Lateral_286
1,27557,28935,64.45584412271569,2,1.0,0.0,1506,1065,1561,1045,1506,1065,1561,1045,58.52349955359813,Lateral,1,109.98310652189998,Lateral_12
1,27557,27592,8.242640687119284,1,1.0,0.0,1506,1065,1507,1072,1506,1065,1507,1072,7.0710678118654755,Lateral,1,8.13010235415598,Lateral_287
1,27581,27988,45.627416997969526,2,1.0,0.0,1507,859,1523,898,1507,859,1523,898,42.15447781671598,None,None,22.306205054907643,
1,27581,28956,68.0121933088197,2,1.0,0.0,1507,859,1562,889,1507,859,1562,889,62.64982043070834,Lateral,1,61.38954033403479,Lateral_13
1,27598,27805,9.414213562373096,2,1.0,0.0,1507,1397,1516,1398,1507,1397,1516,1398,9.055385138137417,Lateral,2,83.6598082540901,Lateral_15
1,27805,28281,37.04163056034262,2,1.0,0.0,1516,1398,1535,1426,1516,1398,1535,1426,33.83784863137726,Lateral,1,34.15969454566943,Lateral_10
1,27805,32901,272.5218613006987,2,1.0,0.0,1516,1398,1731,1474,1516,1398,1731,1474,228.0372776543344,None,None,70.5320907981956,
0,27819,29428,73.45584412271569,2,1.0,0.0,1516,3148,1576,3152,1516,3148,1576,3152,60.13318551349163,Primary,5,86.18592516570965,Primary
0,27819,29401,63.727922061357845,2,1.0,0.0,1516,3148,1575,3158,1516,3148,1575,3158,59.841457201508724,Lateral,5,80.38027220030115,Lateral_23
1,27988,28200,10.242640687119284,2,1.0,0.0,1523,898,1532,901,1523,898,1532,901,9.486832980505138,Primary,1,71.56505117707799,Primary
1,28085,28106,11.414213562373096,2,1.0,0.0,1527,1490,1528,1479,1527,1490,1528,1479,11.045361017187261,Lateral,2,174.8055710922652,Lateral_289
1,28085,28483,18.485281374238575,2,1.0,0.0,1527,1490,1543,1486,1527,1490,1543,1486,16.492422502470642,Lateral,2,104.03624346792648,Lateral_290
1,28106,28483,18.485281374238575,2,1.0,0.0,1528,1479,1543,1486,1528,1479,1543,1486,16.55294535724685,Lateral,2,64.98310652189998,Lateral_291
0,28192,28732,22.414213562373096,2,1.0,0.0,1531,2633,1553,2634,1531,2633,1553,2634,22.02271554554524,Primary,4,87.39743779750019,Primary
1,28200,28230,7.414213562373095,1,1.0,0.0,1532,901,1533,908,1532,901,1533,908,7.0710678118654755,None,None,8.13010235415598,
1,28200,29011,32.65685424949238,2,1.0,0.0,1532,901,1563,903,1532,901,1563,903,31.064449134018133,Primary,1,86.30861401354873,Primary
1,28281,28573,12.828427124746192,2,1.0,0.0,1535,1426,1547,1428,1535,1426,1547,1428,12.165525060596439,Lateral,2,80.53767779197439,Lateral_14
1,28289,29913,111.56854249492372,1,1.0,0.0,1535,2033,1599,1982,1535,2033,1599,1982,81.83520025025906,Lateral,3,128.55046529615774,Lateral_14
1,28289,28987,27.414213562373096,2,1.0,0.0,1535,2033,1562,2034,1535,2033,1562,2034,27.018512172212592,Primary,3,87.87890360333854,Primary
1,28483,28576,5.82842712474619,2,1.0,0.0,1543,1486,1547,1489,1543,1486,1547,1489,5.0,Lateral,2,53.13010235415598,Lateral_25
1,28573,28967,30.55634918610405,2,1.0,0.0,1547,1428,1562,1450,1547,1428,1562,1450,26.627053911388696,Lateral,1,34.28687697720896,Lateral_10
1,28573,29143,21.82842712474619,2,1.0,0.0,1547,1428,1567,1429,1547,1428,1567,1429,20.024984394500787,Lateral,2,87.13759477388825,Lateral_14
1,28576,28628,2.0,2,1.0,0.0,1547,1489,1549,1489,1547,1489,1549,1489,2.0,Primary,2,90.0,Lateral_12
1,28628,28719,5.414213562373095,2,1.0,0.0,1549,1489,1553,1487,1549,1489,1553,1487,4.47213595499958,Primary,2,116.56505117707799,Lateral_294
1,28628,29825,98.0538238691623,1,1.0,0.0,1549,1489,1595,1568,1549,1489,1595,1568,91.4166286842826,Lateral,1,30.211322385834826,Lateral_10
1,28719,28982,25.72792206135786,2,1.0,0.0,1553,1487,1562,1465,1553,1487,1562,1465,23.769728648009426,None,None,157.75097634278765,
1,28719,29414,23.0,2,1.0,0.0,1553,1487,1576,1487,1553,1487,1576,1487,23.0,Primary,2,90.0,Lateral_12
0,28732,29280,40.79898987322333,2,1.0,0.0,1553,2634,1571,2603,1553,2634,1571,2603,35.84689665786984,Lateral,4,149.85861444792468,Lateral_9
0,28732,30623,85.45584412271566,2,1.0,0.0,1553,2634,1631,2652,1553,2634,1631,2652,80.049984384758,Primary,4,77.0053832080835,Primary
1,28935,29081,4.0,2,1.0,0.0,1561,1045,1565,1045,1561,1045,1565,1045,4.0,Lateral,1,90.0,Lateral_12
1,28956,29011,14.414213562373096,2,1.0,0.0,1562,889,1563,903,1562,889,1563,903,14.035668847618199,None,None,4.085616779974877,
1,28956,30268,75.11269837220806,1,1.0,0.0,1562,889,1616,889,1562,889,1616,889,54.0,Lateral,1,90.0,Lateral_17
1,28967,29237,24.899494936611667,2,1.0,0.0,1562,1450,1570,1429,1562,1450,1570,1429,22.47220505424423,Lateral,2,159.14554196042167,Lateral_297
1,28967,28982,15.0,2,1.0,0.0,1562,1450,1562,1465,1562,1450,1562,1465,15.0,Lateral,2,0.0,Lateral_298
1,28982,29414,30.142135623730955,2,1.0,0.0,1562,1465,1576,1487,1562,1465,1576,1487,26.076809620810597,Lateral,1,32.47119229084849,Lateral_10
1,28987,30598,184.99494936611677,1,1.0,0.0,1562,2034,1630,2190,1562,2034,1630,2190,170.1763790894612,Lateral,3,23.55226367289465,Lateral_15
1,28987,31051,93.24264068711928,2,1.0,0.0,1562,2034,1654,2035,1562,2034,1654,2035,92.00543462209176,Primary,3,89.37724431279368,Primary
1,29011,30375,66.0416305603426,2,1.0,0.0,1563,903,1622,920,1563,903,1622,920,61.40032573203501,Primary,1,73.92642583525361,Primary
1,29081,29695,32.45584412271572,1,1.0,0.0,1565,1045,1589,1026,1565,1045,1589,1026,30.610455730027933,Lateral,1,128.36748538486154,Lateral_12
1,29081,34164,296.2031021678305,1,1.0,0.0,1565,1045,1786,1211,1565,1045,1786,1211,276.40007235889067,Lateral,1,53.08864376550662,Lateral_14
1,29084,29084,6.242640687119285,3,1.0,0.0,1565,1431,1565,1431,1565,1431,1565,1431,0.0,Lateral,2,0.0,Lateral_14
1,29084,29143,2.8284271247461903,2,1.0,0.0,1565,1431,1567,1429,1565,1431,1567,1429,2.8284271247461903,Lateral,2,135.0,Lateral_299
1,29143,29237,3.0,2,1.0,0.0,1567,1429,1570,1429,1567,1429,1570,1429,3.0,Lateral,2,90.0,Lateral_14
1,29237,31281,120.71067811865464,2,1.0,0.0,1570,1429,1663,1476,1570,1429,1663,1476,104.20172743289815,None,None,63.18904569965131,
0,29280,29836,28.970562748477146,2,1.0,0.0,1571,2603,1595,2591,1571,2603,1595,2591,26.832815729997478,Lateral,4,116.56505117707799,Lateral_10
0,29401,29428,6.414213562373095,2,1.0,0.0,1575,3158,1576,3152,1575,3158,1576,3152,6.082762530298219,Lateral,5,170.53767779197437,Lateral_301
0,29401,29709,19.48528137423857,1,1.0,0.0,1575,3158,1589,3167,1575,3158,1589,3167,16.64331697709324,Lateral,5,57.264773727892404,Lateral_25
1,29414,29777,17.0,2,1.0,0.0,1576,1487,1593,1487,1576,1487,1593,1487,17.0,Primary,2,90.0,Lateral_302
0,29428,30029,28.414213562373096,2,1.0,0.0,1576,3152,1604,3153,1576,3152,1604,3153,28.0178514522438,Primary,5,87.95459151111278,Primary
1,29777,30017,12.828427124746192,2,1.0,0.0,1593,1487,1604,1484,1593,1487,1604,1484,11.40175425099138,Primary,2,105.25511870305779,Lateral_303
1,29777,30642,67.91168824543138,1,1.0,0.0,1593,1487,1632,1537,1593,1487,1632,1537,63.41135544995076,Lateral,2,37.95423087513252,Lateral_27
0,29836,41315,664.1391770309029,1,1.0,0.0,1595,2591,2141,2371,1595,2591,2141,2371,588.6560965453428,Lateral,4,111.94600420654703,Lateral_10
0,29836,31352,83.0121933088197,1,1.0,0.0,1595,2591,1666,2620,1595,2591,1666,2620,76.69419795525604,Lateral,4,67.78240573048168,Lateral_7
1,30017,30037,7.414213562373095,1,1.0,0.0,1604,1484,1605,1477,1604,1484,1605,1477,7.0710678118654755,Lateral,2,171.86989764584402,Lateral_27
1,30017,31205,57.656854249492376,2,1.0,0.0,1604,1484,1660,1480,1604,1484,1660,1480,56.142675390472796,Primary,2,94.08561677997488,Lateral_306
0,30029,31020,52.31370849898475,2,1.0,0.0,1604,3153,1652,3146,1604,3153,1652,3146,48.507731342539614,Primary,5,98.29714496983688,Primary
0,30029,30097,8.242640687119284,1,1.0,0.0,1604,3153,1607,3160,1604,3153,1607,3160,7.615773105863909,Lateral,5,23.19859051364819,Lateral_25
1,30340,30448,5.414213562373095,1,1.0,0.0,1620,943,1625,944,1620,943,1625,944,5.0990195135927845,Lateral,1,78.69006752597979,Lateral_18
1,30375,30504,24.07106781186548,2,1.0,0.0,1622,920,1627,942,1622,920,1627,942,22.561028345356956,Lateral,1,12.804266065286752,Lateral_17
1,30375,31723,65.72792206135784,2,1.0,0.0,1622,920,1684,927,1622,920,1684,927,62.39390995922599,Primary,1,83.55839990066497,Primary
1,30448,38313,514.5533905932759,2,1.0,0.0,1625,944,1960,1270,1625,944,1960,1270,467.44090535596047,Lateral,1,45.78007587485117,Lateral_307
1,30448,30506,2.0,2,1.0,0.0,1625,944,1627,944,1625,944,1627,944,2.0,Lateral,1,90.0,Lateral_18
1,30504,30506,2.0,2,1.0,0.0,1627,942,1627,944,1627,942,1627,944,2.0,Lateral,1,0.0,Lateral_17
1,30504,32212,109.53910524340084,2,1.0,0.0,1627,942,1704,1003,1627,942,1704,1003,98.2344135219425,Lateral,1,51.61346048231476,Lateral_308
1,30506,30553,3.8284271247461903,2,1.0,0.0,1627,944,1629,947,1627,944,1629,947,3.605551275463989,Lateral,1,33.690067525979785,Lateral_309
1,30553,30553,6.242640687119285,3,1.0,0.0,1629,947,1629,947,1629,947,1629,947,0.0,Lateral,1,0.0,Lateral_17
0,30623,30848,30.97056274847715,2,1.0,0.0,1631,2652,1643,2678,1631,2652,1643,2678,28.635642126552707,Lateral,4,24.77514056883192,Lateral_310
0,30623,30685,3.0,2,1.0,0.0,1631,2652,1634,2652,1631,2652,1634,2652,3.0,Primary,4,90.0,Primary
0,30685,32989,109.04163056034258,2,1.0,0.0,1634,2652,1735,2664,1634,2652,1735,2664,101.71037311896953,Primary,4,83.22434383060099,Primary
0,30685,30740,4.82842712474619,2,1.0,0.0,1634,2652,1637,2655,1634,2652,1637,2655,4.242640687119285,Lateral,4,45.0,Lateral_12
0,30740,30740,6.242640687119285,3,1.0,0.0,1637,2655,1637,2655,1637,2655,1637,2655,0.0,Lateral,4,0.0,Lateral_12
0,30848,31748,76.08326112068518,2,1.0,0.0,1643,2678,1684,2733,1643,2678,1684,2733,68.60029154456998,Lateral,4,36.70285503016313,Lateral_12
0,30848,31748,77.254833995939,2,1.0,0.0,1643,2678,1684,2733,1643,2678,1684,2733,68.60029154456998,Lateral,4,36.70285503016313,Lateral_312
0,31020,33588,156.85281374238573,2,1.0,0.0,1652,3146,1760,3100,1652,3146,1760,3100,117.38824472663352,Lateral,5,113.07041224982466,Lateral_26
0,31020,31523,24.071067811865476,2,1.0,0.0,1652,3146,1674,3151,1652,3146,1674,3151,22.561028345356956,Primary,5,77.19573393471325,Primary
1,31051,32673,155.4091629284898,1,1.0,0.0,1654,2035,1723,2161,1654,2035,1723,2161,143.65583872575453,Lateral,3,28.70595254340109,Lateral_16
1,31051,34971,180.426406871193,2,1.0,0.0,1654,2035,1822,2059,1654,2035,1822,2059,169.7056274847714,Primary,3,81.86989764584403,Primary
1,31205,37814,451.8254685319178,1,1.0,0.0,1660,1480,1937,1796,1660,1480,1937,1796,420.2201803816661,None,None,41.23723097649904,
1,31205,31281,5.242640687119286,2,1.0,0.0,1660,1480,1663,1476,1660,1480,1663,1476,5.0,Primary,2,143.13010235415598,Lateral_314
1,31281,31881,28.656854249492383,2,1.0,0.0,1663,1476,1690,1480,1663,1476,1690,1480,27.294688127912362,Primary,2,81.57303097851933,Lateral_315
0,31523,32602,49.071067811865476,2,1.0,0.0,1674,3151,1720,3149,1674,3151,1720,3149,46.04345773288535,Primary,5,92.48955292199916,Primary
0,31523,37491,297.3208511739219,1,1.0,0.0,1674,3151,1922,3263,1674,3151,1922,3263,272.1176216271192,Lateral,5,65.69545073406329,Lateral_27
1,31723,32233,76.28427124746187,2,1.0,0.0,1684,927,1705,994,1684,927,1705,994,70.21395872616783,Lateral,1,17.40270413135628,Lateral_19
1,31723,33459,75.31370849898475,2,1.0,0.0,1684,927,1756,933,1684,927,1756,933,72.24956747275377,Primary,1,85.23635830927383,Primary
0,31748,32269,39.11269837220809,2,1.0,0.0,1684,2733,1706,2763,1684,2733,1706,2763,37.20215047547655,Lateral,4,36.25383773744479,Lateral_12
1,31881,32879,59.012193308819725,1,1.0,0.0,1690,1480,1730,1516,1690,1480,1730,1516,53.81449618829484,Lateral,2,48.01278750418334,Lateral_29
1,31881,32902,43.07106781186546,2,1.0,0.0,1690,1480,1731,1475,1690,1480,1731,1475,41.30375285612676,Primary,2,96.95295746817392,Lateral_317
1,32185,32233,10.071067811865476,2,1.0,0.0,1703,1001,1705,994,1703,1001,1705,994,7.280109889280518,Lateral,1,164.05460409907712,Lateral_318
1,32185,32210,5.242640687119285,2,1.0,0.0,1703,1001,1704,1001,1703,1001,1704,1001,1.0,Lateral,1,90.0,Lateral_319
1,32185,32210,1.0,2,1.0,0.0,1703,1001,1704,1001,1703,1001,1704,1001,1.0,Lateral,1,90.0,Lateral_320
1,32210,32212,2.0,2,1.0,0.0,1704,1001,1704,1003,1704,1001,1704,1003,2.0,Lateral,1,0.0,Lateral_321
1,32212,32336,5.0,2,1.0,0.0,1704,1003,1709,1003,1704,1003,1709,1003,5.0,Lateral,1,90.0,Lateral_322
1,32233,32336,11.82842712474619,2,1.0,0.0,1705,994,1709,1003,1705,994,1709,1003,9.848857801796104,Lateral,1,23.962488974578186,Lateral_19
0,32269,37302,277.04877323527955,2,1.0,0.0,1706,2763,1914,2812,1706,2763,1914,2812,213.693706037403,Lateral,4,76.7441275183225,Lateral_12
0,32269,34383,94.55634918610403,1,1.0,0.0,1706,2763,1796,2772,1706,2763,1796,2772,90.44888059008801,Lateral,5,84.28940686250037,Lateral_323
1,32336,32821,33.45584412271572,2,1.0,0.0,1709,1003,1728,1028,1709,1003,1728,1028,31.400636936215164,Lateral,1,37.23483398157467,Lateral_19
0,32602,33588,69.66904755831209,2,1.0,0.0,1720,3149,1760,3100,1720,3149,1760,3100,63.25345840347388,Lateral,5,140.77432590266326,Lateral_28
0,32602,34409,78.65685424949237,2,1.0,0.0,1720,3149,1797,3147,1720,3149,1797,3147,77.02596964660685,Primary,5,91.48786752882778,Primary
1,32821,36026,200.06601717798222,2,1.0,0.0,1728,1028,1861,1135,1728,1028,1861,1135,170.6985647274165,Lateral,1,51.182930165948264,Lateral_324
1,32821,35407,132.78174593052012,2,1.0,0.0,1728,1028,1838,1083,1728,1028,1838,1083,122.98373876248843,Lateral,1,63.43494882292201,Lateral_325
1,32901,32902,1.0,2,1.0,0.0,1731,1474,1731,1475,1731,1474,1731,1475,1.0,None,None,0.0,
1,32901,33417,29.55634918610405,2,1.0,0.0,1731,1474,1754,1475,1731,1474,1754,1475,23.021728866442675,Lateral,2,87.51044707800085,Lateral_31
1,32902,33311,21.48528137423857,2,1.0,0.0,1731,1475,1750,1481,1731,1475,1750,1481,19.924858845171276,Primary,2,72.47443162627712,Lateral_16
0,32989,35736,158.92388155425124,2,1.0,0.0,1735,2664,1850,2676,1735,2664,1850,2676,115.62439189029277,Lateral,4,84.0428688852918,Lateral_13
0,32989,34768,85.21320343559641,2,1.0,0.0,1735,2664,1814,2679,1735,2664,1814,2679,80.4114419718985,Primary,4,79.24903300681196,Primary
1,33311,33417,7.65685424949238,2,1.0,0.0,1750,1481,1754,1475,1750,1481,1754,1475,7.211102550927978,Primary,2,146.30993247402023,Lateral_327
1,33311,36880,290.88939366884574,1,1.0,0.0,1750,1481,1898,1710,1750,1481,1898,1710,272.66279540854123,Lateral,2,32.87410955555048,Lateral_29
12,33325,33685,17.72792206135786,0,1.0,0.0,1750,3306,1764,3313,1750,3306,1764,3313,15.652475842498529,Lateral,5,63.43494882292201,Lateral_329
1,33417,34073,30.89949493661167,2,1.0,0.0,1754,1475,1782,1482,1754,1475,1782,1482,28.861739379323623,Primary,2,75.96375653207353,Primary
1,33459,35407,186.89444430272846,2,1.0,0.0,1756,933,1838,1083,1756,933,1838,1083,170.95028517086482,Lateral,1,28.663957110281537,Lateral_20
1,33459,35452,89.7989898732233,2,1.0,0.0,1756,933,1840,945,1756,933,1840,945,84.8528137423857,Primary,1,81.86989764584403,Primary
0,33588,34453,46.04163056034261,2,1.0,0.0,1760,3100,1799,3083,1760,3100,1799,3083,42.5440947723653,Lateral,5,113.55226367289465,Lateral_28
1,34073,38795,245.1787155501907,1,1.0,0.0,1782,1482,1982,1584,1782,1482,1982,1584,224.50835173774718,Lateral,2,62.97841840882297,Lateral_34
1,34073,35357,59.384776310850214,2,1.0,0.0,1782,1482,1836,1469,1782,1482,1836,1469,55.54277630799526,Primary,2,103.53585636913425,Primary
0,34409,34906,59.11269837220807,2,1.0,0.0,1797,3147,1819,3097,1797,3147,1819,3097,54.62600113499065,Lateral,5,156.25050550713325,Lateral_29
0,34409,36647,94.07106781186548,2,1.0,0.0,1797,3147,1889,3152,1797,3147,1889,3152,92.13576938409967,Primary,5,86.88915934650923,Primary
0,34453,39483,265.2081528017135,1,1.0,0.0,1799,3083,2019,2988,1799,3083,2019,2988,239.63513932643517,Lateral,5,113.355564859286,Lateral_29
0,34453,34906,25.798989873223338,2,1.0,0.0,1799,3083,1819,3097,1799,3083,1819,3097,24.413111231467404,Lateral,5,55.00797980144134,Lateral_330
0,34768,37302,191.99494936611683,2,1.0,0.0,1814,2679,1914,2812,1814,2679,1914,2812,166.4001201922643,Lateral,4,36.93876273228983,Lateral_14
0,34768,35736,37.24264068711928,2,1.0,0.0,1814,2679,1850,2676,1814,2679,1850,2676,36.124783736376884,Primary,4,94.76364169072617,Primary
0,34906,35232,12.0,2,1.0,0.0,1819,3097,1831,3097,1819,3097,1831,3097,12.0,Lateral,5,90.0,Lateral_331
1,34971,34973,2.0,2,1.0,0.0,1822,2059,1822,2061,1822,2059,1822,2061,2.0,Lateral,3,0.0,Lateral_17
1,34971,37111,93.28427124746186,2,1.0,0.0,1822,2059,1907,2077,1822,2059,1907,2077,86.88498144098322,Primary,3,78.04341575685088,Primary
1,34973,36369,109.12489168102773,1,1.0,0.0,1822,2061,1876,2144,1822,2061,1876,2144,99.02019995940222,Lateral,3,33.04812486997523,Lateral_17
1,34973,35053,3.82842712474619,2,1.0,0.0,1822,2061,1825,2063,1822,2061,1825,2063,3.605551275463989,Lateral,3,56.309932474020215,Lateral_17
1,35053,35053,6.242640687119285,3,1.0,0.0,1825,2063,1825,2063,1825,2063,1825,2063,0.0,Lateral,3,0.0,Lateral_17
0,35232,39136,197.50966799187813,1,1.0,0.0,1831,3097,1999,3072,1831,3097,1999,3072,169.84993376507393,Lateral,5,98.46404566396268,Lateral_334
0,35232,37466,93.72792206135784,2,1.0,0.0,1831,3097,1921,3104,1831,3097,1921,3104,90.27181176868004,Lateral,5,85.55261514990951,Lateral_335
1,35357,36870,96.08326112068518,2,1.0,0.0,1836,1469,1898,1447,1836,1469,1898,1447,65.7875368135941,Lateral,2,109.5366549381284,Lateral_35
1,35357,36878,67.79898987322332,2,1.0,0.0,1836,1469,1898,1455,1836,1469,1898,1455,63.56099432828282,Primary,2,102.72435568542238,Primary
1,35407,35775,21.384776310850242,2,1.0,0.0,1838,1083,1852,1098,1838,1083,1852,1098,20.518284528683193,Lateral,1,43.025065989118026,Lateral_336
1,35452,39081,303.4629867976529,1,1.0,0.0,1840,945,1997,1140,1840,945,1997,1140,250.34775812856802,Lateral,1,38.83852189632938,Lateral_21
1,35452,38575,140.698484809835,2,1.0,0.0,1840,945,1972,966,1840,945,1972,966,133.6600164596728,Primary,1,80.96051719664487,Primary
0,35736,36926,52.48528137423857,2,1.0,0.0,1850,2676,1900,2682,1850,2676,1900,2682,50.35871324805669,Primary,4,83.15722658736907,Primary
1,35775,36024,39.55634918610405,2,1.0,0.0,1852,1098,1861,1133,1852,1098,1861,1133,36.138621999185304,Lateral,1,14.420773127510985,Lateral_20
1,35775,36102,13.242640687119287,1,1.0,0.0,1852,1098,1864,1099,1852,1098,1864,1099,12.041594578792296,Lateral,1,85.23635830927383,Lateral_337
1,35915,35915,5.656854249492381,3,1.0,0.0,1857,1130,1857,1130,1857,1130,1857,1130,0.0,Lateral,1,0.0,Lateral_20
1,35915,35970,2.414213562373095,2,1.0,0.0,1857,1130,1859,1131,1857,1130,1859,1131,2.23606797749979,Lateral,1,63.43494882292201,Lateral_339
1,35969,35970,1.0,1,1.0,0.0,1859,1130,1859,1131,1859,1130,1859,1131,1.0,Lateral,1,0.0,Lateral_20
1,35970,36024,2.8284271247461903,2,1.0,0.0,1859,1131,1861,1133,1859,1131,1861,1133,2.8284271247461903,Lateral,1,45.0,Lateral_340
1,36024,36026,2.0,2,1.0,0.0,1861,1133,1861,1135,1861,1133,1861,1135,2.0,Lateral,1,0.0,Lateral_20
1,36026,36833,58.4974746830583,2,1.0,0.0,1861,1135,1897,1178,1861,1135,1897,1178,56.08029957123981,Lateral,1,39.936383146969916,Lateral_341
0,36647,37466,64.18376618407353,2,1.0,0.0,1889,3152,1921,3104,1889,3152,1921,3104,57.688820407423826,Lateral,5,146.30993247402023,Lateral_30
0,36647,39701,155.11269837220806,2,1.0,0.0,1889,3152,2035,3172,1889,3152,2035,3172,147.36349615830918,Primary,5,82.1998121158183,Primary
1,36833,36841,23.656854249492383,1,1.0,0.0,1897,1178,1897,1200,1897,1178,1897,1200,22.0,Lateral,1,0.0,Lateral_342
1,36833,38313,139.36753236814712,2,1.0,0.0,1897,1178,1960,1270,1897,1178,1960,1270,111.50336317797773,Lateral,1,34.402664854976436,Lateral_343
1,36870,36878,8.0,2,1.0,0.0,1898,1447,1898,1455,1898,1447,1898,1455,8.0,None,None,0.0,
1,36870,39213,145.29646455628168,2,1.0,0.0,1898,1447,2004,1421,1898,1447,2004,1421,109.14210919713803,Lateral,2,103.78159723565363,Lateral_19
1,36878,37638,34.89949493661167,2,1.0,0.0,1898,1455,1930,1462,1898,1455,1930,1462,32.7566787083184,Primary,2,77.66091272167381,Primary
0,36926,38245,138.0538238691623,2,1.0,0.0,1900,2682,1956,2791,1900,2682,1956,2791,122.54386969571347,Lateral,4,27.19235216430358,Lateral_16
0,36926,38614,75.07106781186548,2,1.0,0.0,1900,2682,1973,2687,1900,2682,1973,2687,73.17103251970687,Primary,4,86.08175113593262,Primary
1,37111,38133,112.22539674441609,1,1.0,0.0,1907,2077,1951,2171,1907,2077,1951,2171,103.78824596263297,Lateral,3,25.083594006190918,Lateral_18
1,37111,40461,183.14213562373095,2,1.0,0.0,1907,2077,2086,2079,1907,2077,2086,2079,179.0111728356641,Primary,3,89.35985033047646,Primary
0,37302,37393,4.0,2,1.0,0.0,1914,2812,1918,2812,1914,2812,1918,2812,4.0,Lateral,4,90.0,Lateral_12
0,37393,38245,47.284271247461895,2,1.0,0.0,1918,2812,1956,2791,1918,2812,1956,2791,43.41658669218482,Lateral,5,118.92642583525362,Lateral_345
0,37393,39482,127.12489168102776,2,1.0,0.0,1918,2812,2019,2868,1918,2812,2019,2868,115.48592987892508,Lateral,4,60.99358409772996,Lateral_14
0,37466,39701,149.92388155425115,2,1.0,0.0,1921,3104,2035,3172,1921,3104,2035,3172,132.74034804836094,Lateral,5,59.18429424827082,Lateral_30
1,37638,38068,21.65685424949238,2,1.0,0.0,1930,1462,1949,1461,1930,1462,1949,1461,19.026297590440446,Primary,2,93.01278750418334,Primary
1,37638,38106,29.142135623730955,2,1.0,0.0,1930,1462,1950,1477,1930,1462,1950,1477,25.0,Lateral,2,53.13010235415598,Lateral_37
1,38068,38106,16.414213562373096,2,1.0,0.0,1949,1461,1950,1477,1949,1461,1950,1477,16.0312195418814,None,None,3.576334374997351,
1,38068,39065,51.14213562373094,2,1.0,0.0,1949,1461,1996,1451,1949,1461,1996,1451,48.05205510693585,Primary,2,102.01147838636544,Primary
1,38106,38359,23.970562748477146,2,1.0,0.0,1950,1477,1962,1496,1950,1477,1962,1496,22.47220505424423,Lateral,2,32.27564431457763,Lateral_347
0,38245,38487,11.414213562373096,2,1.0,0.0,1956,2791,1967,2792,1956,2791,1967,2792,11.045361017187261,Lateral,4,84.8055710922652,Lateral_12
1,38313,41877,252.5218613006983,1,1.0,0.0,1960,1270,2173,1362,1960,1270,2173,1362,232.01939574095957,Lateral,2,66.63928264257024,Lateral_348
1,38359,38506,34.31370849898477,1,1.0,0.0,1962,1496,1968,1527,1962,1496,1968,1527,31.575306807693888,Lateral,2,10.954062643398334,Lateral_349
1,38359,38906,36.45584412271571,1,1.0,0.0,1962,1496,1988,1517,1962,1496,1988,1517,33.421549934136806,Lateral,2,51.0724564072077,Lateral_21
0,38487,39482,97.53910524340085,2,1.0,0.0,1967,2792,2019,2868,1967,2792,2019,2868,92.0869154657707,Lateral,4,34.38034472384487,Lateral_16
0,38487,39426,56.041630560342604,1,1.0,0.0,1967,2792,2016,2775,1967,2792,2016,2775,51.86520991955976,Lateral,4,109.13364320590549,Lateral_12
1,38575,40983,213.80613254816012,1,1.0,0.0,1972,966,2119,1099,1972,966,2119,1099,198.23723161908813,Lateral,1,47.862405226111754,Lateral_22
1,38575,40103,95.31370849898475,2,1.0,0.0,1972,966,2064,974,1972,966,2064,974,92.34717104492157,Primary,1,85.0302592718897,Primary
0,38614,40083,127.32590180780446,1,1.0,0.0,1973,2687,2063,2636,1973,2687,2063,2636,103.4456378974,Lateral,4,119.5387822595581,Lateral_17
0,38614,39938,86.55634918610403,2,1.0,0.0,1973,2687,2055,2698,1973,2687,2055,2698,82.73451516749222,Primary,4,82.35959323897325,Primary
1,39065,39217,29.313708498984766,2,1.0,0.0,1996,1451,2004,1425,1996,1451,2004,1425,27.202941017470888,None,None,162.89727103094762,
1,39065,39844,51.0,2,1.0,0.0,1996,1451,2047,1451,1996,1451,2047,1451,51.0,Primary,2,90.0,Primary
1,39213,39217,4.0,2,1.0,0.0,2004,1421,2004,1425,2004,1421,2004,1425,4.0,Lateral,2,0.0,Lateral_351
1,39213,39766,57.6690475583121,1,1.0,0.0,2004,1421,2041,1381,2004,1421,2041,1381,54.48853090330111,Lateral,2,137.23117460803127,Lateral_352
1,39217,39854,50.21320343559641,2,1.0,0.0,2004,1425,2048,1440,2004,1425,2048,1440,46.486557196677836,Lateral,2,71.17528998175993,Lateral_22
0,39482,42289,316.41630560342713,1,1.0,0.0,2019,2868,2203,3100,2019,2868,2203,3100,296.10808837314795,Lateral,4,38.41805534482199,Lateral_16
0,39701,39991,23.82842712474619,2,1.0,0.0,2035,3172,2058,3174,2035,3172,2058,3174,23.08679276123039,Primary,5,85.0302592718897,Primary
1,39844,39854,11.414213562373096,2,1.0,0.0,2047,1451,2048,1440,2047,1451,2048,1440,11.045361017187261,None,None,174.8055710922652,
1,39844,39970,11.656854249492381,2,1.0,0.0,2047,1451,2057,1449,2047,1451,2057,1449,10.198039027185569,Primary,2,101.30993247402021,Primary
1,39854,39970,15.071067811865477,2,1.0,0.0,2048,1440,2057,1449,2048,1440,2057,1449,12.727922061357855,Lateral,2,45.0,Lateral_42
0,39938,41887,275.8355697996832,1,1.0,0.0,2055,2698,2173,2915,2055,2698,2173,2915,247.00809703327542,Lateral,4,28.536410234479046,Lateral_18
0,39938,41072,73.48528137423857,2,1.0,0.0,2055,2698,2126,2694,2055,2698,2126,2694,71.11258679024411,Primary,4,93.22452260651991,Primary
1,39970,40457,30.65685424949238,2,1.0,0.0,2057,1449,2086,1453,2057,1449,2086,1453,29.274562336608895,Primary,2,82.14668669802178,Primary
0,39991,40561,99.25483399593897,1,1.0,0.0,2058,3174,2090,3260,2058,3174,2090,3260,91.76055797563569,Lateral,5,20.409882833803987,Lateral_31
0,39991,40376,23.0,2,1.0,0.0,2058,3174,2081,3174,2058,3174,2081,3174,23.0,Primary,5,90.0,Primary
1,40103,41980,166.71067811865478,2,1.0,0.0,2064,974,2180,926,2064,974,2180,926,125.53883861180172,Lateral,1,112.47943439710312,Lateral_23
1,40103,41067,65.72792206135784,2,1.0,0.0,2064,974,2126,983,2064,974,2126,983,62.64982043070834,Primary,1,81.74056202012119,Primary
0,40376,41708,128.53910524340085,1,1.0,0.0,2081,3174,2163,3097,2081,3174,2163,3097,112.48555462813881,Lateral,5,133.19883948427764,Lateral_33
0,40376,41543,75.48528137423857,2,1.0,0.0,2081,3174,2154,3180,2081,3174,2154,3180,73.24616030891995,Primary,5,85.30131948270056,Primary
1,40457,40669,34.55634918610405,1,1.0,0.0,2086,1453,2097,1423,2086,1453,2097,1423,31.953090617340916,Lateral,2,159.86369657175186,Lateral_42
1,40457,41244,54.31370849898476,2,1.0,0.0,2086,1453,2137,1461,2086,1453,2137,1461,51.62363799656123,Primary,2,81.08507304285214,Primary
1,40461,40531,15.242640687119287,1,1.0,0.0,2086,2079,2089,2065,2086,2079,2089,2065,14.317821063276353,Lateral,3,167.90524292298792,Lateral_19
1,40461,46260,671.1076477383256,1,1.0,0.0,2086,2079,2718,2170,2086,2079,2718,2170,638.5178149433264,Primary,3,81.80644719613085,Primary
1,41067,41980,88.74011537017755,2,1.0,0.0,2126,983,2180,926,2126,983,2180,926,78.5175139698144,Lateral,1,136.54815769897797,Lateral_25
1,41067,41356,19.65685424949238,2,1.0,0.0,2126,983,2144,987,2126,983,2144,987,18.439088914585774,Primary,1,77.47119229084849,Primary
0,41072,42048,142.02438661763944,1,1.0,0.0,2126,2694,2184,2812,2126,2694,2184,2812,131.4838393111488,Lateral,4,26.17528998175993,Lateral_19
0,41072,42035,58.828427124746185,2,1.0,0.0,2126,2694,2184,2692,2126,2694,2184,2692,58.034472514187634,Primary,4,91.97493401088198,Primary
1,41244,42719,161.9238815542511,1,1.0,0.0,2137,1461,2245,1369,2137,1461,2245,1369,141.8731828077456,Lateral,2,130.42607874009914,Lateral_43
1,41244,41816,39.38477631085023,2,1.0,0.0,2137,1461,2170,1475,2137,1461,2170,1475,35.84689665786984,Primary,2,67.01128319791937,Primary
1,41356,41550,34.55634918610406,1,1.0,0.0,2144,987,2155,1017,2144,987,2155,1017,31.953090617340916,Lateral,1,20.136303428248137,Lateral_25
1,41356,42703,103.31370849898474,2,1.0,0.0,2144,987,2244,993,2144,987,2244,993,100.17983829094555,Primary,1,86.56636963754949,Primary
0,41543,42607,110.4264068711928,1,1.0,0.0,2154,3180,2230,3138,2154,3180,2230,3138,86.83317338436964,Lateral,5,118.92642583525362,Lateral_34
0,41543,42543,73.48528137423857,2,1.0,0.0,2154,3180,2225,3186,2154,3180,2225,3186,71.25307010929424,Primary,5,85.16958004171006,Primary
1,41816,41929,26.485281374238575,1,1.0,0.0,2170,1475,2176,1499,2170,1475,2176,1499,24.73863375370596,Lateral,2,14.036243467926479,Lateral_44
1,41816,42730,78.89949493661166,2,1.0,0.0,2170,1475,2246,1482,2170,1475,2246,1482,76.32168761236873,Primary,2,84.73760460040488,Primary
1,41980,42464,46.21320343559642,1,1.0,0.0,2180,926,2220,911,2180,926,2220,911,42.720018726587654,Lateral,1,110.55604521958347,Lateral_25
0,42035,42615,155.4680374315355,1,1.0,0.0,2184,2692,2231,2828,2184,2692,2231,2828,143.8923208513922,Lateral,4,19.06454743133228,Lateral_354
0,42035,42391,30.414213562373096,2,1.0,0.0,2184,2692,2214,2693,2184,2692,2214,2693,30.01666203960727,Primary,4,88.09084756700362,Primary
0,42391,42592,43.21320343559642,1,1.0,0.0,2214,2693,2229,2656,2214,2693,2229,2656,39.92492955535426,Lateral,4,157.93210043758978,Lateral_21
0,42391,42931,57.89949493661166,2,1.0,0.0,2214,2693,2269,2700,2214,2693,2269,2700,55.44366510251645,Primary,4,82.74680538727468,Primary
0,42543,43151,91.63961030678921,1,1.0,0.0,2225,3186,2291,3134,2225,3186,2291,3134,84.02380615040002,Lateral,5,128.23382517744693,Lateral_35
0,42543,43345,96.28427124746187,2,1.0,0.0,2225,3186,2312,3207,2225,3186,2312,3207,89.49860334105779,Primary,5,76.42956561483852,Primary
1,42703,42790,23.313708498984766,1,1.0,0.0,2244,993,2252,1013,2244,993,2252,1013,21.540659228538015,None,None,21.80140948635181,
1,42703,42877,20.82842712474619,2,1.0,0.0,2244,993,2264,993,2244,993,2264,993,20.0,Primary,1,90.0,Primary
1,42730,42842,36.97056274847715,1,1.0,0.0,2246,1482,2258,1514,2246,1482,2258,1514,34.17601498127012,Lateral,2,20.556045219583467,Lateral_45
1,42730,43313,68.14213562373094,2,1.0,0.0,2246,1482,2310,1472,2246,1482,2310,1472,64.77653896280658,Primary,2,98.88065915052024,Primary
1,42877,43514,117.61017305526629,1,1.0,0.0,2264,993,2326,904,2264,993,2326,904,108.4665847162157,Lateral,1,145.13780385308513,Lateral_27
1,42877,43263,45.72792206135785,2,1.0,0.0,2264,993,2306,1002,2264,993,2306,1002,42.95346318982906,Primary,1,77.9052429229879,Primary
0,42931,43472,128.53910524340083,1,1.0,0.0,2269,2700,2321,2807,2269,2700,2321,2807,118.9663818059539,Lateral,4,25.918885571046417,Lateral_22
0,42931,43550,62.656854249492376,2,1.0,0.0,2269,2700,2330,2700,2269,2700,2330,2700,61.0,Primary,4,90.0,Primary
1,43263,43491,51.04163056034261,1,1.0,0.0,2306,1002,2323,1046,2306,1002,2323,1046,47.16990566028302,Lateral,1,21.124719146072483,Lateral_28
1,43263,43674,39.41421356237309,2,1.0,0.0,2306,1002,2345,1001,2306,1002,2345,1001,39.01281840626232,Primary,1,91.46880071438582,Primary
1,43313,44156,136.2964645562816,1,1.0,0.0,2310,1472,2398,1399,2310,1472,2398,1399,114.33722053644648,Lateral,2,129.67724929223178,Lateral_46
1,43313,44362,122.72792206135783,2,1.0,0.0,2310,1472,2429,1481,2310,1472,2429,1481,119.33985084622823,Primary,2,85.67493956526154,Primary
0,43345,43382,16.656854249492383,1,1.0,0.0,2312,3207,2314,3222,2312,3207,2314,3222,15.132745950421556,Lateral,5,7.594643368591445,Lateral_36
0,43345,44230,102.2132034355964,2,1.0,0.0,2312,3207,2408,3222,2312,3207,2408,3222,97.16480844420988,Primary,5,81.11934084947976,Primary
0,43550,44227,146.65180361560897,1,1.0,0.0,2330,2700,2408,2588,2330,2700,2408,2588,136.48443134658254,Lateral,4,145.14554443389636,Lateral_23
0,43550,43846,34.071067811865476,2,1.0,0.0,2330,2700,2362,2705,2330,2700,2362,2705,32.38826948140329,Primary,4,81.11934084947976,Primary
1,43674,43839,54.04163056034261,1,1.0,0.0,2345,1001,2362,954,2345,1001,2362,954,49.9799959983992,Lateral,1,160.11483488614456,Lateral_29
1,43674,43973,33.485281374238575,2,1.0,0.0,2345,1001,2376,1007,2345,1001,2376,1007,31.575306807693888,Primary,1,79.04593735660167,Primary
0,43846,43957,37.55634918610404,1,1.0,0.0,2362,2705,2373,2738,2362,2705,2373,2738,34.785054261852174,Lateral,4,18.43494882292201,Lateral_24
0,43846,44359,68.07106781186548,2,1.0,0.0,2362,2705,2428,2706,2362,2705,2428,2706,66.007575322837,Primary,4,89.13194855025446,Primary
1,43973,44054,32.14213562373096,1,1.0,0.0,2376,1007,2384,1035,2376,1007,2384,1035,29.120439557122072,Lateral,1,15.945395900922854,Lateral_30
1,43973,44841,117.14213562373092,2,1.0,0.0,2376,1007,2489,1011,2376,1007,2489,1011,113.07077429645558,Primary,1,87.97267729949981,Primary
0,44230,44286,30.313708498984763,1,1.0,0.0,2408,3222,2414,3249,2408,3222,2414,3249,27.65863337187866,Lateral,5,12.528807709151511,Lateral_37
0,44230,46544,396.4680374315358,1,1.0,0.0,2408,3222,2785,3263,2408,3222,2785,3263,379.22288960451743,Primary,5,83.79328682336367,Primary
0,44359,44738,92.05382386916229,1,1.0,0.0,2428,2706,2474,2633,2428,2706,2474,2633,86.28441342444185,Lateral,4,147.78345394142437,Lateral_25
0,44359,44775,54.24264068711928,2,1.0,0.0,2428,2706,2481,2709,2428,2706,2481,2709,53.08483775994799,Primary,4,86.76029970389789,Primary
1,44362,44563,28.89949493661167,2,1.0,0.0,2429,1481,2454,1489,2429,1481,2454,1489,26.248809496813376,Primary,2,72.25532837494306,Primary
1,44362,44491,44.79898987322332,1,1.0,0.0,2429,1481,2443,1442,2429,1481,2443,1442,41.43669871020132,Lateral,2,160.25316339457387,Lateral_47
1,44563,44648,44.72792206135785,1,1.0,0.0,2454,1489,2461,1530,2454,1489,2461,1530,41.593268686170845,Lateral,2,9.688786560366802,Lateral_48
1,44563,45112,69.07106781186548,2,1.0,0.0,2454,1489,2521,1494,2454,1489,2521,1494,67.1863081289633,Primary,2,85.73210669970919,Primary
0,44775,45063,119.25483399593898,1,1.0,0.0,2481,2709,2511,2815,2481,2709,2511,2815,110.16351483136329,Lateral,4,15.802513953935529,Lateral_26
0,44775,45180,52.656854249492376,2,1.0,0.0,2481,2709,2532,2705,2481,2709,2532,2705,51.15662224971465,Primary,4,94.48460600954462,Primary
1,44841,44951,37.55634918610404,1,1.0,0.0,2489,1011,2500,1044,2489,1011,2500,1044,34.785054261852174,Lateral,1,18.43494882292201,Lateral_31
1,44841,45714,132.69848480983495,2,1.0,0.0,2489,1011,2613,1032,2489,1011,2613,1032,125.76565508913791,Primary,1,80.38788524563412,Primary
1,45112,45721,100.0416305603426,2,1.0,0.0,2521,1494,2613,1512,2521,1494,2613,1512,93.74433316206373,Primary,2,78.92979742206063,Primary
1,45112,45133,8.242640687119284,1,1.0,0.0,2521,1494,2524,1487,2521,1494,2524,1487,7.615773105863909,Lateral,2,156.80140948635182,Lateral_49
0,45180,45750,143.02438661763946,1,1.0,0.0,2532,2705,2616,2632,2532,2705,2616,2632,111.28791488746656,Lateral,4,130.99219545762767,Lateral_27
0,45180,45596,67.72792206135784,2,1.0,0.0,2532,2705,2596,2714,2532,2705,2596,2714,64.6297145282261,Primary,4,81.99527114270714,Primary
0,45596,45638,19.656854249492383,1,1.0,0.0,2596,2714,2600,2732,2596,2714,2600,2732,18.439088914585774,Lateral,4,12.528807709151511,Lateral_28
0,45596,46497,185.55634918610411,2,1.0,0.0,2596,2714,2777,2723,2596,2714,2777,2723,181.22361876973983,Primary,4,87.15338308418389,Primary
1,45708,45714,6.414213562373095,1,1.0,0.0,2612,1038,2613,1032,2612,1038,2613,1032,6.082762530298219,None,None,170.53767779197437,
1,45714,46763,266.4091629284904,1,1.0,0.0,2613,1032,2848,969,2613,1032,2848,969,243.29817097545143,Primary,1,105.00726539900565,Primary
1,45721,45738,11.82842712474619,1,1.0,0.0,2613,1512,2615,1501,2613,1512,2615,1501,11.180339887498949,Lateral,2,169.69515353123398,Lateral_50
1,45721,46677,221.87005768508888,2,1.0,0.0,2613,1512,2827,1531,2613,1512,2827,1531,214.84180226389836,Primary,2,84.92629526993706,Primary
0,46497,46518,15.656854249492381,1,1.0,0.0,2777,2723,2779,2737,2777,2723,2779,2737,14.142135623730951,Lateral,4,8.13010235415598,Lateral_29
0,46497,46666,50.071067811865476,2,1.0,0.0,2777,2723,2825,2718,2777,2723,2825,2718,48.25971404805462,Primary,4,95.9468630539735,Primary
0,46666,46670,7.414213562373095,1,1.0,0.0,2825,2718,2826,2711,2825,2718,2826,2711,7.0710678118654755,Lateral,4,171.86989764584402,Lateral_32
0,46666,46728,19.242640687119284,2,1.0,0.0,2825,2718,2843,2721,2825,2718,2843,2721,18.24828759089466,Primary,4,80.53767779197439,Primary
1,46669,46677,3.414213562373095,1,1.0,0.0,2826,1534,2827,1531,2826,1534,2827,1531,3.1622776601683795,Lateral,2,161.565051177078,Lateral_52
1,46677,46762,20.414213562373096,1,1.0,0.0,2827,1531,2847,1530,2827,1531,2847,1530,20.024984394500787,Primary,2,92.86240522611175,Primary
0,46728,46736,8.242640687119284,1,1.0,0.0,2843,2721,2844,2728,2843,2721,2844,2728,7.0710678118654755,Lateral,4,8.13010235415598,Lateral_32
0,46728,46739,18.414213562373096,1,1.0,0.0,2843,2721,2845,2704,2843,2721,2845,2704,17.11724276862369,Primary,4,173.29016319224309,Primary
